{
    "Maps": [
        {
            "Id": 1,
            "Name": "ICY HEIGHTS",
            "ProjectId": "",
            "Ready": 0,
            "GameType": 1
        },
        {
            "Id": 2,
            "Name": "MrBeasts Warehouse",
            "ProjectId": "",
            "Ready": 0,
            "GameType": 1
        },
        {
            "Id": 3,
            "Name": "OVER & UNDER",
            "ProjectId": "",
            "Ready": 1,
            "GameType": 1
        },
        {
            "Id": 4,
            "Name": "PAINT SPLASH",
            "ProjectId": "",
            "Ready": 0,
            "GameType": 1
        },
        {
            "Id": 5,
            "Name": "PIVOT PUSH",
            "ProjectId": "",
            "Ready": 0,
            "GameType": 1
        },
        {
            "Id": 6,
            "Name": "波涛迷宫",
            "ProjectId": "",
            "Ready": 0,
            "GameType": 1
        },
        {
            "Id": 7,
            "Name": "彩道冲刺",
            "ProjectId": "",
            "Ready": 0,
            "GameType": 1
        },
        {
            "Id": 8,
            "Name": "齿轮飞跃",
            "ProjectId": "",
            "Ready": 0,
            "GameType": 1
        },
        {
            "Id": 9,
            "Name": "蛋糕烘焙屋",
            "ProjectId": "",
            "Ready": 0,
            "GameType": 1
        },
        {
            "Id": 10,
            "Name": "蛋在旅途",
            "ProjectId": "",
            "Ready": 0,
            "GameType": 1
        },
        {
            "Id": 11,
            "Name": "兜兜转转",
            "ProjectId": "",
            "Ready": 1,
            "GameType": 1
        },
        {
            "Id": 12,
            "Name": "果汁瀑布",
            "ProjectId": "",
            "Ready": 0,
            "GameType": 1
        },
        {
            "Id": 13,
            "Name": "321不许动",
            "ProjectId": "",
            "Ready": 1,
            "GameType": 1
        },
        {
            "Id": 14,
            "Name": "空中飞蛋",
            "ProjectId": "",
            "Ready": 0,
            "GameType": 1
        },
        {
            "Id": 15,
            "Name": "气球飘飘",
            "ProjectId": "",
            "Ready": 0,
            "GameType": 1
        },
        {
            "Id": 16,
            "Name": "山谷跃动",
            "ProjectId": "",
            "Ready": 0,
            "GameType": 1
        },
        {
            "Id": 17,
            "Name": "甜蜜冲刺",
            "ProjectId": "",
            "Ready": 0,
            "GameType": 1
        },
        {
            "Id": 18,
            "Name": "推箱跳跳乐",
            "ProjectId": "",
            "Ready": 1,
            "GameType": 1
        },
        {
            "Id": 19,
            "Name": "云奔潮涌",
            "ProjectId": "",
            "Ready": 0,
            "GameType": 1
        },
        {
            "Id": 20,
            "Name": "真假地板",
            "ProjectId": "",
            "Ready": 0,
            "GameType": 1
        },
        {
            "Id": 21,
            "Name": "Cake Hill",
            "ProjectId": "",
            "Ready": 1,
            "GameType": 1
        },
        {
            "Id": 22,
            "Name": "CANNON CLIMB",
            "ProjectId": "",
            "Ready": 0,
            "GameType": 1
        },
        {
            "Id": 23,
            "Name": "Cannonball Chaos",
            "ProjectId": "",
            "Ready": 1,
            "GameType": 1
        },
        {
            "Id": 24,
            "Name": "FLOOR FLIP",
            "ProjectId": "",
            "Ready": 1,
            "GameType": 1
        },
        {
            "Id": 25,
            "Name": "HUMBLE STUMBLE",
            "ProjectId": "",
            "Ready": 1,
            "GameType": 1
        },
        {
            "Id": 26,
            "Name": "LOST TEMPLE",
            "ProjectId": "",
            "Ready": 0,
            "GameType": 1
        },
        {
            "Id": 27,
            "Name": "JUNGLE ROLL",
            "ProjectId": "",
            "Ready": 0,
            "GameType": 1
        },
        {
            "Id": 28,
            "Name": "NFL Scramble",
            "ProjectId": "",
            "Ready": 0,
            "GameType": 1
        },
        {
            "Id": 29,
            "Name": "SPIN GO ROUND",
            "ProjectId": "",
            "Ready": 1,
            "GameType": 1
        },
        {
            "Id": 30,
            "Name": "Canyoneering",
            "ProjectId": "",
            "Ready": 0,
            "GameType": 1
        },
        {
            "Id": 31,
            "Name": "Stumble Trouble",
            "ProjectId": "",
            "Ready": 0,
            "GameType": 1
        },
        {
            "Id": 32,
            "Name": "",
            "ProjectId": "",
            "Ready": 0,
            "GameType": 1
        },
        {
            "Id": 33,
            "Name": "凹凸糖饼",
            "ProjectId": "",
            "Ready": 1,
            "GameType": 1
        },
        {
            "Id": 34,
            "Name": "冰川冒险",
            "ProjectId": "",
            "Ready": 0,
            "GameType": 1
        },
        {
            "Id": 35,
            "Name": "捕梦岛",
            "ProjectId": "",
            "Ready": 1,
            "GameType": 1
        },
        {
            "Id": 36,
            "Name": "餐盘上的甜点",
            "ProjectId": "",
            "Ready": 1,
            "GameType": 1
        },
        {
            "Id": 37,
            "Name": "乘风过扇",
            "ProjectId": "",
            "Ready": 1,
            "GameType": 1
        },
        {
            "Id": 38,
            "Name": "出舱作业",
            "ProjectId": "",
            "Ready": 1,
            "GameType": 1
        },
        {
            "Id": 39,
            "Name": "气球城堡",
            "ProjectId": "",
            "Ready": 0,
            "GameType": 1
        },
        {
            "Id": 40,
            "Name": "七彩韵律",
            "ProjectId": "",
            "Ready": 1,
            "GameType": 1
        },
        {
            "Id": 41,
            "Name": "穿越摩天轮",
            "ProjectId": "",
            "Ready": 0,
            "GameType": 1
        },
        {
            "Id": 42,
            "Name": "脆酥酥运河",
            "ProjectId": "",
            "Ready": 0,
            "GameType": 1
        },
        {
            "Id": 43,
            "Name": "大飞行家",
            "ProjectId": "",
            "Ready": 0,
            "GameType": 1
        },
        {
            "Id": 44,
            "Name": "单向通道",
            "ProjectId": "",
            "Ready": 1,
            "GameType": 1
        },
        {
            "Id": 45,
            "Name": "漂浮群岛",
            "ProjectId": "",
            "Ready": 1,
            "GameType": 1
        },
        {
            "Id": 46,
            "Name": "翩翩迁迁",
            "ProjectId": "",
            "Ready": 0,
            "GameType": 1
        },
        {
            "Id": 47,
            "Name": "魔术卡牌",
            "ProjectId": "",
            "Ready": 0,
            "GameType": 1
        },
        {
            "Id": 48,
            "Name": "魔术管道",
            "ProjectId": "",
            "Ready": 0,
            "GameType": 1
        },
        {
            "Id": 49,
            "Name": "林间律动",
            "ProjectId": "",
            "Ready": 0,
            "GameType": 1
        },
        {
            "Id": 50,
            "Name": "弹弹乐",
            "ProjectId": "",
            "Ready": 0,
            "GameType": 1
        },
        {
            "Id": 51,
            "Name": "巅峰落石",
            "ProjectId": "",
            "Ready": 1,
            "GameType": 1
        },
        {
            "Id": 52,
            "Name": "狂轰乱炸",
            "ProjectId": "",
            "Ready": 1,
            "GameType": 1
        },
        {
            "Id": 53,
            "Name": "节奏方块",
            "ProjectId": "",
            "Ready": 0,
            "GameType": 1
        },
        {
            "Id": 54,
            "Name": "极速飞跃",
            "ProjectId": "",
            "Ready": 1,
            "GameType": 1
        },
        {
            "Id": 55,
            "Name": "多管齐下",
            "ProjectId": "",
            "Ready": 1,
            "GameType": 1
        },
        {
            "Id": 56,
            "Name": "翻转危机",
            "ProjectId": "",
            "Ready": 0,
            "GameType": 1
        },
        {
            "Id": 57,
            "Name": "滚滚滚糖",
            "ProjectId": "",
            "Ready": 0,
            "GameType": 1
        },
        {
            "Id": 58,
            "Name": "滚筒回旋",
            "ProjectId": "",
            "Ready": 1,
            "GameType": 1
        },
        {
            "Id": 59,
            "Name": "户外训练",
            "ProjectId": "",
            "Ready": 0,
            "GameType": 1
        },
        {
            "Id": 60,
            "Name": "花路之旅",
            "ProjectId": "",
            "Ready": 0,
            "GameType": 1
        },
        {
            "Id": 61,
            "Name": "机关重重",
            "ProjectId": "",
            "Ready": 1,
            "GameType": 1
        },
        {
            "Id": 62,
            "Name": "体操赛场",
            "ProjectId": "",
            "Ready": 1,
            "GameType": 1
        },
        {
            "Id": 63,
            "Name": "蜿蜒盘旋",
            "ProjectId": "",
            "Ready": 0,
            "GameType": 1
        },
        {
            "Id": 64,
            "Name": "峡谷摆荡",
            "ProjectId": "",
            "Ready": 1,
            "GameType": 1
        },
        {
            "Id": 65,
            "Name": "下坡请注意",
            "ProjectId": "",
            "Ready": 0,
            "GameType": 1
        },
        {
            "Id": 66,
            "Name": "星环跑道",
            "ProjectId": "",
            "Ready": 0,
            "GameType": 1
        },
        {
            "Id": 67,
            "Name": "音速冲刺",
            "ProjectId": "",
            "Ready": 1,
            "GameType": 1
        },
        {
            "Id": 68,
            "Name": "云音穿梭",
            "ProjectId": "",
            "Ready": 1,
            "GameType": 1
        },
        {
            "Id": 69,
            "Name": "韵律扰动",
            "ProjectId": "",
            "Ready": 1,
            "GameType": 1
        },
        {
            "Id": 70,
            "Name": "障碍赛跑",
            "ProjectId": "",
            "Ready": 1,
            "GameType": 1
        },
        {
            "Id": 71,
            "Name": "真假旋转门",
            "ProjectId": "",
            "Ready": 1,
            "GameType": 1
        },
        {
            "Id": 72,
            "Name": "植物也疯狂",
            "ProjectId": "",
            "Ready": 0,
            "GameType": 1
        },
        {
            "Id": 73,
            "Name": "转转蛋糕",
            "ProjectId": "",
            "Ready": 1,
            "GameType": 1
        },
        {
            "Id": 74,
            "Name": "转转森林",
            "ProjectId": "",
            "Ready": 0,
            "GameType": 1
        },
        {
            "Id": 75,
            "Name": "走钢丝",
            "ProjectId": "",
            "Ready": 0,
            "GameType": 1
        },
        {
            "Id": 76,
            "Name": "左飘右移",
            "ProjectId": "",
            "Ready": 0,
            "GameType": 1
        },
        {
            "Id": 77,
            "Name": "线团狂奔",
            "ProjectId": "",
            "Ready": 1,
            "GameType": 1
        },
        {
            "Id": 78,
            "Name": "转转挑战",
            "ProjectId": "",
            "Ready": 1,
            "GameType": 1
        },
        {
            "Id": 100,
            "Name": "道具测试拓展地图",
            "ProjectId": "",
            "Ready": 1,
            "GameType": 0
        },
        {
            "Id": 1001,
            "Name": "甜蜜时钟",
            "ProjectId": "",
            "Ready": 0,
            "GameType": 2
        },
        {
            "Id": 1002,
            "Name": "危机列车",
            "ProjectId": "",
            "Ready": 1,
            "GameType": 2
        },
        {
            "Id": 1003,
            "Name": "HONEY DROP",
            "ProjectId": "",
            "Ready": 0,
            "GameType": 2
        },
        {
            "Id": 1004,
            "Name": "Laser Tracer",
            "ProjectId": "",
            "Ready": 1,
            "GameType": 2
        },
        {
            "Id": 1005,
            "Name": "",
            "ProjectId": "",
            "Ready": 0,
            "GameType": 2
        },
        {
            "Id": 1006,
            "Name": "弹幕战场",
            "ProjectId": "",
            "Ready": 0,
            "GameType": 2
        },
        {
            "Id": 1007,
            "Name": "多变的舞台",
            "ProjectId": "",
            "Ready": 0,
            "GameType": 2
        },
        {
            "Id": 1008,
            "Name": "躲避保龄球",
            "ProjectId": "",
            "Ready": 1,
            "GameType": 2
        },
        {
            "Id": 1009,
            "Name": "翻转花瓣",
            "ProjectId": "",
            "Ready": 1,
            "GameType": 2
        },
        {
            "Id": 1010,
            "Name": "疯狂的零件",
            "ProjectId": "",
            "Ready": 0,
            "GameType": 2
        },
        {
            "Id": 1011,
            "Name": "空中花园",
            "ProjectId": "",
            "Ready": 1,
            "GameType": 2
        },
        {
            "Id": 1012,
            "Name": "命悬一线",
            "ProjectId": "",
            "Ready": 0,
            "GameType": 2
        },
        {
            "Id": 1013,
            "Name": "魔女小屋",
            "ProjectId": "",
            "Ready": 0,
            "GameType": 2
        },
        {
            "Id": 1014,
            "Name": "偷心单身蛋",
            "ProjectId": "",
            "Ready": 1,
            "GameType": 2
        },
        {
            "Id": 1015,
            "Name": "音浪砰砰砰",
            "ProjectId": "",
            "Ready": 0,
            "GameType": 2
        },
        {
            "Id": 1016,
            "Name": "幽灵来袭",
            "ProjectId": "",
            "Ready": 1,
            "GameType": 2
        },
        {
            "Id": 1017,
            "Name": "找圈圈",
            "ProjectId": "",
            "Ready": 0,
            "GameType": 2
        },
        {
            "Id": 1018,
            "Name": "质检合格",
            "ProjectId": "",
            "Ready": 0,
            "GameType": 2
        },
        {
            "Id": 2001,
            "Name": "KoalaKarting",
            "ProjectId": "",
            "Ready": 1,
            "GameType": 3
        }
    ],
    "Destinations": "{\"23\":[884,958,977],\"35\":[1321,1331,1341],\"33\":[1223,1233,1267],\"36\":[1107,1117,1127],\"70\":[350],\"73\":[567,1023,1033],\"38\":[1019,1047,1065],\"71\":[566,589,673],\"49\":[2177,2167,2187],\"77\":[1321,1331,1342],\"67\":[1718,1167,1535],\"40\":[1010,1020,1030],\"21\":[1082,1092,1102],\"24\":[1759,1769,1749],\"45\":[1236,1226,1216,1386,1396,1502],\"29\":[1263,1273,1283],\"62\":[2137,2127,2117],\"52\":[612],\"64\":[634,621,769],\"3\":[1747,1737,1727],\"54\":[1199],\"53\":[2082,2092,2072],\"11\":[1398,991,1408],\"68\":[576,542,527],\"78\":[2286,2296,2306],\"58\":[1172,1929,1939],\"44\":[3400,3410,3390],\"55\":[596,689,748],\"69\":[1378,1417,1503],\"13\":[3025,3035,3045],\"25\":[841,831,851],\"18\":[223,233,243],\"37\":[607,620,964],\"51\":[1716,1726,1706],\"61\":[1717,1742,1695],\"46\":[1716,1726,1706],\"5\":[771,879,906],\"48\":[788,673,1318],\"2\":[1302,1292,1282],\"2001\":[497838988]}",
    "SavePoints": "{\"35\":{\"9\":1,\"748\":2,\"883\":3,\"285\":4,\"695\":5,\"757\":6,\"390\":7,\"820\":8,\"838\":9,\"766\":10,\"847\":11,\"829\":12,\"775\":13,\"784\":14,\"793\":15},\"33\":{\"10\":1,\"19\":2,\"35\":3,\"50\":4,\"1301\":5},\"23\":{\"541\":1,\"833\":2,\"1069\":3,\"1078\":4},\"36\":{\"858\":1,\"1358\":2,\"846\":3,\"839\":4},\"70\":{\"391\":1,\"382\":2,\"373\":3,\"364\":4},\"73\":{\"61\":1,\"249\":2,\"272\":3,\"281\":4,\"90\":5},\"38\":{\"1295\":1,\"1305\":2,\"1314\":3,\"1323\":4,\"1332\":5,\"1376\":6,\"1394\":7,\"1385\":8,\"1405\":9},\"71\":{\"1344\":1,\"734\":2},\"49\":{\"1060\":1,\"999\":2,\"1008\":3,\"1017\":4,\"1026\":5,\"2281\":6},\"77\":{\"2244\":1,\"2346\":2,\"2355\":3,\"2364\":4,\"2373\":5,\"2382\":6,\"2391\":7},\"67\":{\"1845\":1,\"1497\":2,\"1429\":3,\"1415\":4,\"1422\":5,\"1502\":6,\"1387\":7,\"1394\":8,\"1401\":9,\"1408\":10,\"1290\":11,\"1283\":12,\"1276\":13},\"40\":{\"1083\":1,\"1092\":2,\"1101\":3,\"1492\":4},\"21\":{\"1149\":1,\"1160\":2,\"1171\":3},\"24\":{\"213\":1,\"44\":2,\"145\":3,\"219\":4,\"88\":5,\"133\":6,\"122\":7},\"45\":{\"714\":1,\"723\":2,\"732\":3,\"741\":4,\"750\":5,\"1525\":6,\"1516\":7},\"29\":{\"966\":1,\"201\":2,\"210\":3},\"62\":{\"941\":1,\"952\":2,\"1108\":3,\"560\":4},\"52\":{\"1655\":1,\"1238\":2,\"1256\":3,\"1307\":4,\"1331\":5,\"1346\":6,\"1322\":7,\"1279\":8,\"1247\":9,\"676\":10},\"64\":{\"570\":1,\"579\":2,\"588\":3,\"597\":4,\"606\":5,\"618\":6},\"3\":{\"1282\":1,\"1289\":2,\"1296\":3,\"1303\":4,\"1655\":5},\"54\":{\"1330\":1,\"1829\":2,\"813\":3,\"767\":4,\"840\":5,\"857\":6,\"822\":7},\"53\":{\"1693\":1,\"1738\":2,\"1832\":3,\"233\":4,\"242\":5,\"1998\":6},\"11\":{\"73\":1,\"94\":2,\"109\":3,\"127\":4,\"118\":5,\"136\":6},\"68\":{\"1637\":1,\"1646\":2,\"1655\":3,\"1664\":4,\"1673\":5},\"78\":{\"1373\":1,\"1376\":2,\"1391\":3,\"1394\":4,\"1403\":5,\"1412\":6,\"1421\":7},\"58\":{\"620\":1,\"626\":2,\"84\":3,\"204\":4,\"92\":5,\"354\":6,\"642\":7,\"366\":8,\"1253\":9},\"44\":{\"2436\":1,\"2552\":2,\"2441\":3,\"2854\":4,\"2876\":5,\"2148\":6,\"2199\":7},\"55\":{\"1234\":1,\"94\":2,\"103\":3,\"112\":4},\"69\":{\"703\":1,\"712\":2,\"721\":3,\"730\":4,\"2063\":5},\"13\":{\"1494232848\":1,\"763601235\":2,\"-1715711665\":3,\"493443943\":4},\"25\":{\"189\":1,\"103\":2,\"110\":3,\"756\":4},\"18\":{\"15\":1,\"24\":2,\"33\":3,\"42\":4,\"51\":5,\"61\":6},\"37\":{\"635\":1,\"31\":2,\"650\":3,\"641\":4,\"458\":5},\"51\":{\"695\":1,\"704\":2,\"713\":3,\"722\":4,\"675\":5},\"61\":{\"749\":1,\"758\":2,\"767\":3,\"776\":4,\"883\":5},\"46\":{\"127\":1,\"165\":2,\"174\":3,\"185\":4,\"573\":5,\"667\":6},\"5\":{\"1081\":1,\"777\":2,\"729\":3},\"48\":{\"-1659316959\":1,\"965914315\":2,\"449900626\":3,\"-380280776\":4,\"1368\":5},\"2\":{\"-890816356\":1,\"1880599207\":2,\"1801636227\":3,\"2012191721\":4,\"-1830253145\":5,\"557546912\":6,\"-1669931877\":7,\"-1518353168\":8},\"2001\":{\"548\":1,\"212\":2,\"551\":3,\"554\":4,\"557\":5,\"324\":6,\"560\":7,\"415\":8,\"418\":9,\"607\":10,\"618\":11,\"621\":12,\"563\":13,\"624\":14,\"627\":15,\"566\":16,\"214\":17,\"569\":18,\"572\":19,\"575\":20,\"217\":21,\"578\":22,\"581\":23,\"220\":24,\"584\":25,\"587\":26,\"590\":27,\"223\":28,\"593\":29,\"596\":30,\"599\":31,\"602\":32}}",
    "Items": "{\"23\":{\"122\":1,\"113\":1,\"111\":1,\"46\":1,\"302\":1,\"120\":1,\"90\":1,\"6\":1,\"10\":1,\"115\":1,\"346\":1,\"348\":1,\"319\":1,\"322\":1,\"104\":1,\"106\":1,\"295\":1,\"142\":1,\"84\":1,\"66\":1,\"98\":1,\"148\":1,\"180\":1,\"186\":1,\"188\":1,\"139\":1,\"887\":1,\"429\":1,\"919\":1,\"921\":1,\"256\":3,\"648\":3,\"45\":3,\"532\":3,\"755\":3,\"203\":3,\"852\":3,\"206\":3,\"619\":3,\"930\":3,\"155\":1,\"161\":1,\"284\":1,\"270\":1,\"261\":1,\"73\":1,\"616\":1,\"675\":1},\"35\":{\"565\":1,\"554\":1,\"563\":1,\"552\":1,\"21\":1,\"23\":1,\"22\":1,\"24\":1,\"25\":1,\"26\":1,\"43\":1,\"207\":1,\"208\":1,\"567\":1,\"568\":1,\"569\":1,\"229\":1,\"230\":1,\"571\":1,\"572\":1,\"198\":1,\"199\":1,\"200\":1,\"202\":1,\"201\":1,\"203\":1,\"217\":1,\"218\":1,\"382\":1,\"383\":1,\"384\":1,\"385\":1,\"487\":1,\"495\":1,\"543\":1,\"584\":1,\"592\":1,\"606\":1,\"614\":1,\"674\":1,\"666\":1,\"141\":1,\"861\":1,\"148\":1,\"670\":1,\"662\":1,\"610\":1,\"602\":1,\"588\":1,\"580\":1,\"539\":1,\"491\":1,\"479\":1,\"576\":1,\"547\":1,\"92\":1,\"30\":1,\"35\":1,\"49\":1,\"375\":1,\"156\":1,\"165\":1,\"171\":1,\"177\":1,\"186\":1,\"469\":1,\"638\":1,\"644\":1,\"653\":1,\"96\":1,\"685\":7,\"191\":1,\"183\":1,\"851\":1,\"14\":1,\"106\":1,\"857\":1,\"854\":1,\"109\":1,\"112\":1,\"115\":1,\"144\":1,\"474\":1,\"412\":1,\"197\":1,\"206\":1,\"15\":1,\"42\":1,\"90\":1,\"28\":1},\"33\":{\"176\":2,\"5\":2,\"151\":2,\"193\":2,\"203\":2,\"223\":2,\"49\":2,\"166\":2,\"277\":2,\"294\":2,\"394\":2,\"233\":6,\"131\":6,\"126\":6,\"545\":6,\"243\":6,\"450\":1,\"432\":1,\"305\":1,\"478\":1,\"481\":1,\"304\":1},\"36\":{\"121\":1,\"170\":1,\"173\":1,\"179\":1,\"176\":1,\"167\":1,\"118\":1,\"164\":1,\"161\":1,\"973\":3,\"978\":3,\"126\":3,\"146\":3,\"136\":3,\"151\":3,\"131\":3,\"115\":3,\"1403\":1,\"1013\":1,\"649\":1,\"1395\":1,\"313\":1,\"307\":1,\"316\":1,\"319\":1,\"322\":1,\"310\":1,\"325\":1,\"328\":1,\"364\":1,\"412\":1,\"407\":1,\"748\":1,\"79\":1,\"76\":1,\"87\":1,\"339\":1,\"335\":1,\"333\":1,\"1077\":1,\"556\":1,\"828\":1,\"829\":1,\"378\":1,\"1067\":1,\"8\":1,\"64\":1,\"1087\":1,\"1078\":1,\"622\":1,\"628\":1,\"631\":1,\"625\":1,\"634\":1,\"637\":1,\"643\":1,\"640\":1},\"70\":{\"2066\":1,\"2325\":1,\"854\":1,\"859\":1,\"157\":5,\"827\":5,\"1633\":5,\"1647\":5,\"1357\":5,\"223\":5,\"237\":5,\"1615\":5,\"841\":5,\"526\":6,\"532\":6,\"29\":6,\"561\":6,\"600\":6,\"582\":6,\"2369\":4,\"2384\":4,\"2379\":4,\"2374\":4,\"110\":7,\"117\":7,\"124\":7,\"138\":7,\"104\":7,\"131\":7,\"511\":4,\"506\":4,\"501\":4,\"496\":4,\"-747110138\":1,\"-680921925\":1,\"1392929831\":1,\"-1478751367\":1,\"-390850095\":1,\"2253\":1,\"4\":1,\"256\":1,\"-570591579\":1,\"210\":7,\"881\":7,\"888\":7,\"895\":7,\"902\":7,\"909\":7,\"203\":4,\"187\":4,\"198\":4,\"192\":4,\"265\":1,\"269\":1,\"164\":1,\"163\":1,\"1874\":1,\"1878\":1,\"259\":1,\"172\":1,\"261\":1,\"264\":1,\"312\":12,\"285\":12,\"339\":12,\"1929\":12,\"1432\":12,\"1899\":12,\"1399\":12,\"1977\":12,\"2010\":12,\"2049\":12,\"2082\":12,\"2121\":12},\"73\":{\"54\":1,\"524\":1,\"74\":1,\"556\":1,\"558\":1,\"519\":1,\"561\":1,\"475\":1,\"494\":1,\"224\":1,\"553\":1,\"468\":1,\"550\":1,\"344\":1,\"567\":1,\"1023\":1,\"1033\":1,\"64\":1,\"63\":1,\"51\":1,\"50\":1,\"644\":1,\"648\":1,\"678\":1,\"677\":1,\"649\":1,\"675\":1,\"1464\":1,\"1475\":1,\"1476\":1,\"1482\":1,\"470\":1,\"1467\":1,\"1479\":1,\"986\":1,\"626\":1,\"569\":1,\"949\":1,\"958\":1,\"953\":1,\"46\":1,\"45\":1},\"38\":{\"83\":1,\"434\":1,\"439\":1,\"449\":1,\"53\":1,\"453\":1,\"445\":1,\"619\":1,\"637\":1,\"78\":1,\"641\":1,\"479\":1,\"643\":1,\"650\":1,\"511\":1,\"91\":1,\"143\":1,\"134\":1,\"121\":1,\"114\":1,\"213\":1,\"99\":4,\"176\":4,\"201\":4,\"131\":4,\"106\":4,\"140\":4,\"206\":1,\"137\":1,\"95\":1,\"198\":1,\"61\":1,\"92\":1,\"660\":1,\"653\":1,\"651\":1,\"672\":1,\"598\":1,\"590\":1,\"663\":1,\"581\":1,\"662\":1,\"286\":1,\"661\":1,\"295\":1,\"1127\":1,\"957\":1,\"959\":1,\"953\":1,\"955\":1,\"847\":1,\"945\":1,\"904\":1,\"948\":1,\"907\":1,\"416\":1,\"173\":1,\"454\":1,\"190\":1,\"407\":1,\"425\":1,\"422\":1,\"428\":1,\"410\":1,\"404\":1,\"401\":1,\"413\":1,\"431\":1,\"1111\":1,\"1107\":1,\"1101\":1,\"856\":1,\"812\":1,\"497\":1,\"155\":1,\"152\":1,\"158\":1,\"149\":1,\"146\":1,\"161\":1,\"164\":1,\"167\":1,\"477\":1,\"481\":1,\"484\":1,\"488\":1,\"492\":1,\"297\":5,\"819\":5,\"826\":5,\"831\":5,\"753\":5,\"758\":5,\"748\":5,\"180\":1,\"746\":1,\"353\":1,\"961\":1,\"352\":1,\"960\":1,\"886\":1,\"844\":1,\"1149\":1,\"1192\":1,\"354\":1,\"360\":1,\"361\":1,\"362\":1,\"365\":1,\"366\":1,\"1152\":1,\"1194\":1,\"1970\":1,\"1969\":1,\"1968\":1,\"1967\":1,\"1966\":1,\"1965\":1,\"1964\":1,\"1963\":1,\"970\":1,\"974\":1,\"975\":1,\"976\":1,\"972\":1,\"973\":1},\"1009\":{\"-381333370\":17,\"-1119241129\":17,\"-1105201092\":17,\"2063085935\":17,\"-1146248394\":17,\"209204753\":17,\"-1965745293\":17,\"155248992\":17,\"-1311883797\":17,\"-197815173\":17,\"-170963580\":17,\"-318670212\":17,\"1963513185\":17,\"1936389393\":17,\"1743047591\":17,\"1814145180\":17,\"1818935512\":17,\"1593120736\":17,\"-1038893634\":17,\"-1558506501\":17,\"242273659\":17,\"1312866655\":17,\"-1500310044\":17,\"-1385463017\":17,\"2068130294\":17,\"-1893725867\":17,\"-1159986578\":17,\"-1654075511\":17,\"245968907\":17,\"-85193347\":17,\"1516595314\":17,\"-614032457\":17,\"476033166\":17,\"-1998585534\":17,\"-942277812\":17,\"-388872230\":17,\"1276539477\":17,\"-583702995\":17,\"-56464142\":17,\"888544843\":17,\"-355308039\":17,\"-783868418\":17,\"2014638424\":17,\"-255988318\":17,\"1928306208\":17,\"1094421210\":17,\"-814745451\":17,\"1180954058\":17,\"1251553734\":17,\"-1381068020\":17,\"1542633127\":17,\"-1846158094\":17,\"-1979607020\":17,\"1865954738\":17,\"-1618644233\":17,\"-241128193\":17,\"-520851149\":17,\"-191903158\":17,\"1961975224\":17,\"-1089899912\":17,\"-1346160936\":17},\"71\":{\"179\":1,\"360\":1,\"413\":1,\"465\":1,\"484\":1,\"571\":1,\"625\":1,\"643\":1,\"757\":1,\"775\":1,\"876\":1,\"1162\":1,\"1221\":1,\"1333\":1,\"1443\":1,\"1487\":1,\"1511\":1,\"1529\":1,\"211\":1,\"737\":1,\"230\":1,\"1348\":1,\"1458\":1,\"1463\":1,\"1468\":1,\"1476\":1,\"318\":1},\"1008\":{\"36\":1,\"70\":1,\"73\":1,\"76\":1,\"79\":1,\"82\":1,\"85\":1,\"88\":1,\"91\":1,\"331\":1,\"395\":1,\"400\":1,\"405\":1,\"428\":1,\"433\":1,\"438\":1,\"443\":1,\"448\":1,\"803\":1,\"808\":1,\"855\":1,\"870\":1,\"880\":1,\"895\":1,\"939\":1,\"944\":1,\"979\":1,\"984\":1,\"1019\":1,\"1024\":1},\"49\":{\"2210\":1,\"2208\":1,\"2209\":1,\"2207\":1,\"2205\":1,\"2204\":1,\"2\":1,\"15\":1,\"7\":1,\"20\":1,\"433\":1,\"435\":1,\"437\":1,\"439\":1,\"441\":1,\"443\":1,\"425\":1,\"423\":1,\"421\":1,\"419\":1,\"417\":1,\"415\":1,\"407\":1,\"405\":1,\"403\":1,\"401\":1,\"397\":1,\"399\":1,\"265\":1,\"315\":1,\"267\":1,\"269\":1,\"310\":1,\"302\":1,\"256\":1,\"259\":1,\"262\":1,\"311\":1,\"307\":1,\"303\":1,\"323\":1,\"325\":1,\"327\":1,\"329\":1,\"331\":1,\"333\":1,\"349\":1,\"351\":1,\"359\":1,\"361\":1,\"363\":1,\"365\":1,\"367\":1,\"369\":1,\"343\":1,\"341\":1,\"345\":1,\"347\":1,\"473\":2,\"482\":2,\"223\":2,\"500\":2,\"524\":2,\"536\":2,\"548\":2,\"554\":2,\"568\":2,\"897\":5,\"907\":5,\"883\":5,\"711\":1,\"913\":5,\"927\":5,\"929\":1,\"951\":5,\"979\":5,\"965\":5,\"937\":5,\"21\":1,\"994\":1,\"920\":5,\"904\":5,\"890\":5,\"819\":5,\"876\":5,\"607\":1,\"604\":1,\"601\":1,\"645\":1,\"636\":1,\"632\":1,\"630\":1,\"627\":1,\"620\":1,\"618\":1,\"612\":1,\"614\":1,\"639\":1,\"654\":1,\"656\":1,\"658\":1,\"660\":1,\"662\":1,\"664\":1,\"666\":1,\"624\":1,\"641\":1,\"643\":1,\"648\":1,\"650\":1,\"652\":1,\"706\":1,\"708\":1,\"739\":1,\"729\":1,\"737\":1,\"723\":1,\"745\":1,\"717\":1,\"743\":1,\"733\":1,\"725\":1,\"719\":1,\"751\":1,\"749\":1,\"757\":1,\"755\":1,\"763\":1,\"761\":1,\"769\":1,\"767\":1,\"775\":1,\"773\":1,\"825\":1,\"827\":1,\"823\":1,\"829\":1,\"835\":1,\"838\":1,\"841\":1,\"844\":1,\"856\":1,\"859\":1,\"862\":1,\"865\":1,\"868\":1,\"871\":1,\"874\":1,\"944\":1,\"958\":1,\"986\":1,\"972\":1,\"30\":1,\"48\":1,\"34\":1,\"44\":1,\"701\":1,\"86\":1,\"82\":1,\"52\":1,\"58\":1,\"459\":1,\"71\":1,\"453\":1,\"451\":1,\"65\":1,\"2214\":1,\"36\":1,\"384\":1,\"2211\":1,\"2206\":1},\"21\":{\"953\":1,\"954\":1,\"959\":1,\"962\":1,\"964\":1,\"957\":1,\"97\":5,\"211\":5,\"720\":5,\"204\":5,\"587\":5,\"1114\":5,\"287\":1,\"290\":1,\"293\":1,\"284\":1,\"280\":1,\"333\":1,\"336\":1,\"339\":1,\"330\":1,\"342\":1,\"345\":1,\"349\":1,\"352\":1,\"355\":1,\"358\":1,\"361\":1,\"364\":1,\"368\":1,\"371\":1,\"374\":1,\"377\":1,\"380\":1,\"383\":1,\"323\":4,\"322\":4,\"175\":1,\"180\":1,\"170\":1,\"73\":1,\"1228\":1,\"1230\":1,\"1231\":1,\"473\":1,\"475\":1,\"476\":1,\"496\":1,\"497\":1,\"494\":1,\"487\":1,\"489\":1,\"490\":1,\"480\":1,\"482\":1,\"483\":1,\"744\":1,\"971\":1,\"993\":1,\"742\":1,\"740\":1,\"739\":1},\"77\":{\"64\":4,\"249\":4,\"77\":4,\"178\":4,\"554\":4,\"322\":4,\"599\":4,\"593\":4,\"849\":4,\"263\":4,\"895\":4,\"1064\":4,\"1058\":4,\"1097\":4,\"1103\":4,\"959\":4,\"980\":4,\"1040\":4,\"1306\":4,\"1387\":4,\"1494\":4,\"1605\":4,\"1531\":4,\"1664\":4,\"1618\":4,\"1898\":4,\"1956\":4,\"1586\":4,\"1817\":4,\"1807\":4,\"1833\":4,\"1843\":4,\"1885\":4,\"1869\":4,\"1859\":4,\"415\":1,\"401\":1,\"407\":1,\"1298\":1,\"1424\":1,\"387\":1,\"517\":1,\"525\":1,\"546\":1,\"1304\":1,\"1466\":1,\"1471\":1,\"1479\":1,\"1485\":1,\"1491\":1,\"1565\":1,\"1571\":1,\"1426\":1,\"1432\":1,\"1440\":1,\"1447\":1,\"1517\":1,\"1523\":1,\"603\":7,\"610\":7,\"617\":7,\"624\":7,\"360\":7,\"367\":7,\"374\":7,\"381\":7,\"1449\":7,\"1081\":7,\"1139\":7,\"1193\":7,\"1200\":7,\"1244\":7,\"1125\":7,\"1358\":7,\"1146\":7,\"1157\":7,\"1164\":7,\"1179\":7},\"67\":{\"212\":4,\"1173\":4,\"480\":4,\"367\":4,\"467\":4,\"485\":4,\"1482\":7,\"1340\":7,\"328\":7,\"1355\":7,\"1368\":7,\"1360\":7,\"945\":7,\"727\":7,\"196\":7,\"1335\":7,\"576\":11,\"606\":11,\"659\":11,\"394\":11,\"674\":11,\"1515\":11,\"218\":11,\"1800\":7,\"487\":7,\"494\":7,\"1672\":7,\"1693\":7,\"1686\":7,\"1679\":7,\"1657\":7,\"1665\":7,\"764\":21,\"738\":21,\"241\":21,\"729\":21,\"742\":21,\"746\":21,\"750\":21,\"1095\":21,\"1725\":21,\"13\":7,\"2\":7,\"1609\":7,\"339\":7,\"399\":7,\"33\":7,\"22\":7,\"17\":7,\"771\":7,\"782\":7,\"806\":7,\"794\":7,\"38\":7,\"828\":7,\"817\":7,\"59\":7,\"839\":7,\"70\":7,\"78\":7,\"48\":7,\"1700\":7,\"618\":7,\"625\":7,\"631\":7,\"1710\":7,\"238\":4,\"1747\":7,\"323\":7,\"1756\":7,\"850\":7,\"643\":7,\"862\":7,\"253\":4,\"108\":7,\"97\":7,\"899\":7,\"131\":7,\"119\":7,\"164\":7,\"153\":7,\"142\":7,\"910\":7,\"921\":7,\"984\":7,\"972\":7,\"169\":7,\"932\":7,\"960\":7,\"1007\":7,\"996\":7,\"282\":7,\"1018\":7,\"1041\":7,\"26\":4,\"314\":4,\"318\":4,\"1052\":7,\"377\":7,\"272\":4,\"873\":7,\"686780183\":21,\"228\":21,\"359\":21,\"888\":7,\"457\":7,\"296\":4,\"407\":4,\"429\":4,\"475\":21,\"362\":21,\"233\":21,\"337\":21,\"-258240618\":21,\"1071606261\":21},\"1002\":{\"559\":1,\"552\":1,\"545\":1,\"511\":1,\"476\":3,\"538\":1,\"531\":1,\"524\":1,\"2037106176\":1,\"1291060324\":1,\"1987440919\":1,\"-2022109433\":1,\"706207341\":1,\"1803246501\":1,\"1967059134\":1,\"-692884710\":1,\"1414978667\":1,\"-1366939160\":1,\"27316113\":1,\"1227401567\":1,\"-1575190410\":1,\"1867167631\":1,\"-1189571912\":1,\"-1981894156\":1,\"-1288021669\":1,\"-1922629708\":1,\"464802993\":1,\"748\":1,\"798\":1,\"810\":1,\"604\":1},\"40\":{\"-1085857915\":1,\"-312607581\":1,\"1637271266\":1,\"-1236198577\":1,\"2119229873\":1,\"1746442781\":1,\"-216686982\":1,\"-46065214\":1,\"-29560090\":1,\"-340331481\":1,\"-1438099307\":1,\"-1664120287\":1,\"-1197972367\":1,\"1655020965\":1,\"2031881428\":1,\"-1989725601\":1,\"466\":1,\"472\":1,\"474\":1,\"1049\":1,\"1052\":1,\"1055\":1,\"1058\":1,\"1106\":1,\"1110\":1,\"1113\":1,\"1116\":1,\"1119\":1,\"1122\":1,\"1124\":1,\"1127\":1,\"1140\":1,\"1262\":7,\"1237\":7,\"1309\":7,\"8\":1,\"16\":1,\"25\":1,\"33\":1,\"471\":1,\"514\":1,\"520\":1,\"526\":1,\"534\":1,\"547\":1,\"553\":1,\"1114\":1,\"1136\":1,\"1144\":1,\"1148\":1,\"1151\":1,\"1169\":1,\"1172\":1,\"1180\":1,\"1193\":1,\"1202\":1,\"1185\":1,\"1197\":1,\"1188\":1,\"1164\":1,\"1465\":1,\"1469\":1,\"1473\":1,\"1477\":1,\"1481\":1,\"1160\":1,\"1154\":1,\"1070\":21,\"1060\":21,\"907\":1,\"909\":1,\"917\":1,\"921\":1,\"927\":1,\"931\":1,\"939\":1,\"941\":1,\"946\":1,\"950\":1,\"955\":1,\"957\":1,\"963\":1,\"966\":1,\"970\":1,\"973\":1,\"979\":1,\"981\":1,\"987\":1,\"989\":1,\"1719\":1,\"1724\":1,\"1725\":1,\"1729\":1,\"1732\":1,\"1733\":1,\"1736\":1,\"1739\":1,\"521\":1,\"527\":1,\"533\":1,\"536\":1,\"539\":1,\"541\":1,\"543\":1,\"548\":1,\"554\":1,\"556\":1,\"559\":1,\"562\":1,\"564\":1,\"566\":1,\"568\":1,\"570\":1,\"717\":1,\"719\":1,\"721\":1,\"723\":1,\"725\":1,\"727\":1,\"729\":1,\"731\":1,\"733\":1,\"735\":1,\"737\":1,\"444\":1,\"759\":1,\"761\":1,\"763\":1,\"765\":1,\"767\":1,\"769\":1,\"771\":1,\"774\":1,\"776\":1,\"778\":1,\"780\":1,\"782\":1,\"784\":1,\"786\":1,\"788\":1,\"790\":1,\"792\":1,\"794\":1,\"796\":1,\"798\":1,\"800\":1,\"802\":1,\"804\":1,\"198\":1,\"753\":1,\"755\":1,\"757\":1,\"441\":1,\"1822119149\":1,\"-3707722\":1,\"223\":1,\"230\":1,\"237\":1,\"244\":1,\"251\":1,\"461\":1,\"1718\":1,\"537\":1,\"1248\":1,\"983\":1,\"990\":1,\"1721\":1,\"1727\":1,\"1734\":1,\"943\":1,\"951\":1,\"959\":1,\"967\":1,\"975\":1,\"515\":1,\"904\":1,\"911\":1,\"923\":1,\"935\":1,\"511\":1,\"512\":1,\"509\":1,\"507\":1,\"454\":1,\"455\":1,\"453\":1,\"452\":1,\"450\":1,\"451\":1,\"448\":1,\"447\":1,\"446\":1,\"709\":1,\"710\":1,\"711\":1,\"712\":1,\"713\":1,\"714\":1,\"715\":1,\"716\":1,\"705\":1,\"706\":1,\"707\":1,\"708\":1,\"704\":1,\"703\":1,\"217\":1,\"214\":1,\"226\":1,\"233\":1,\"240\":1,\"247\":1,\"457\":1},\"24\":{\"16\":1,\"5\":1,\"13\":1,\"2\":1,\"33\":1,\"25\":1,\"102\":1,\"7\":1,\"183\":1,\"68\":1,\"19\":5,\"119\":5,\"75\":3,\"21\":3,\"118\":1},\"45\":{\"2087004151\":1,\"1662198494\":1,\"-1322786264\":1,\"2121674082\":1,\"2038295111\":1,\"-990919503\":1,\"-98427985\":1,\"-1189159801\":1,\"-1110026624\":1,\"-1704113324\":1,\"-1861723659\":1,\"-56020169\":1,\"1629087696\":1,\"1347873414\":1,\"-2061568973\":1,\"-479976789\":1,\"1098555839\":1,\"-446183244\":1,\"180924517\":1,\"1635591197\":1,\"-1138542963\":1,\"-705835601\":1,\"-61190499\":1,\"-1227660430\":1,\"-1527483914\":1,\"820608255\":1,\"-2019591959\":1,\"-227687557\":1,\"487629211\":1,\"-1910794853\":1,\"289129304\":1,\"717505447\":1,\"-712531510\":1,\"-598269118\":1,\"224651297\":1,\"-1983879757\":1,\"-1094267131\":1,\"-2091422013\":1,\"826839075\":1,\"-1680657977\":1,\"767165685\":1,\"-138820670\":1,\"-248489761\":1,\"935121280\":1,\"556436791\":1,\"-778905524\":1,\"-1960137595\":1,\"-2135465973\":1,\"-619403818\":1,\"828677417\":1,\"1223031\":1,\"-836868307\":1,\"73270728\":1,\"-1036846593\":1,\"-879720227\":1,\"568939276\":1,\"296\":1,\"298\":1,\"300\":1,\"1488897104\":1,\"1487556696\":1,\"1240115950\":1,\"-1576527736\":1,\"1409998062\":1,\"-293418274\":1,\"-1892611845\":1,\"1767362492\":1,\"1091937241\":1,\"394546802\":1,\"-496192730\":1,\"-317390782\":1,\"-339865898\":1,\"-1286994322\":1,\"-441146599\":1,\"-212697729\":1,\"290\":1,\"292\":1,\"294\":1,\"302\":1,\"25\":1,\"976\":3,\"272\":3,\"1011\":3,\"629\":3,\"1044\":3,\"1139\":3,\"1321\":3,\"1106\":3,\"1033\":3,\"1073\":3,\"1420\":3,\"1453\":3,\"1482\":3,\"273\":3,\"633\":3,\"1048\":3,\"1077\":3,\"1110\":3,\"1114\":3,\"1118\":3,\"1122\":3,\"1143\":3,\"1325\":3,\"1424\":3,\"1457\":3,\"1486\":3,\"624\":1,\"241\":1,\"1397\":1},\"29\":{\"13\":1,\"149\":4,\"4\":4,\"302\":1,\"741\":1,\"743\":1,\"15\":4,\"9\":4,\"138\":4,\"32\":4,\"23\":4,\"37\":4,\"94\":1,\"92\":1,\"77\":1,\"55\":1,\"116\":1,\"118\":1,\"91\":1,\"100\":1,\"102\":1,\"303\":1,\"305\":1,\"307\":1,\"313\":1,\"395\":1,\"393\":1,\"69\":1,\"71\":1,\"108\":1,\"60\":1,\"73\":1,\"110\":1,\"50\":1,\"850\":1,\"51\":1,\"2\":1,\"854\":1,\"126\":1,\"321\":1,\"-102730559\":1,\"-1875109175\":1,\"82\":1,\"671\":1,\"323\":1,\"340\":1,\"688\":1,\"339\":1,\"689\":1,\"675\":1,\"1203\":1,\"1204\":1,\"672\":1,\"29\":1,\"28\":1,\"367\":1,\"360\":1,\"361\":1,\"575\":1,\"541\":1,\"543\":1,\"343\":1,\"344\":1,\"377\":1,\"384\":1,\"545\":1,\"547\":1,\"551\":1,\"552\":1,\"562\":1,\"565\":1,\"576\":1,\"586\":1,\"524\":1,\"523\":1,\"539\":1,\"538\":1,\"540\":1,\"589\":1,\"590\":1,\"600\":1,\"603\":1,\"604\":1,\"614\":1},\"62\":{\"804\":21,\"929\":21,\"797\":21,\"806\":21,\"351\":21,\"355\":21,\"904\":21,\"1468\":21,\"689\":1,\"364\":1,\"362\":1,\"1575\":1,\"387\":1,\"927\":1,\"683\":1,\"348\":1,\"1530\":1,\"1532\":1,\"1558\":1,\"1545\":1,\"1663\":21,\"1665\":21,\"1691\":1,\"1678\":1,\"1617\":1,\"1619\":1,\"1645\":1,\"1632\":21,\"95\":1,\"88\":1,\"90\":1,\"83\":1,\"85\":1,\"79\":1,\"77\":1,\"104\":1,\"107\":1,\"109\":1,\"112\":1,\"114\":1,\"117\":1,\"119\":1,\"290\":4,\"54\":4,\"416\":1,\"418\":1,\"516\":1,\"359\":1,\"353\":1,\"346\":1,\"406\":1,\"400\":1,\"402\":1,\"379\":1,\"381\":1,\"383\":1,\"409\":1,\"411\":1,\"413\":1,\"393\":1,\"395\":1,\"397\":1,\"441\":7,\"448\":7,\"434\":7,\"462\":7,\"455\":7,\"1077\":7,\"420\":7,\"427\":7,\"268\":1,\"270\":1,\"272\":1,\"146\":1,\"148\":1,\"150\":1,\"261\":1,\"263\":1,\"265\":1,\"275\":1,\"277\":1,\"279\":1,\"282\":1,\"284\":1,\"286\":1,\"487\":1,\"496\":1,\"498\":1,\"297\":1,\"299\":1,\"302\":1,\"305\":1,\"307\":1,\"309\":1,\"526\":1,\"544\":1,\"546\":1,\"312\":1,\"314\":1,\"316\":1,\"549\":1,\"551\":1,\"553\":1,\"319\":1,\"321\":1,\"323\":1},\"52\":{\"273\":1,\"269\":1,\"272\":1,\"278\":1,\"906\":1,\"496\":1,\"458\":1,\"461\":1,\"464\":1,\"7\":1,\"15\":1,\"16\":1,\"20\":1,\"934\":1,\"933\":1,\"932\":1,\"931\":1,\"467\":1,\"470\":1,\"488\":1,\"513\":1},\"64\":{\"99\":1,\"710\":1,\"671\":1,\"84\":1,\"744\":1,\"195\":1,\"756\":1,\"641\":1,\"122\":1,\"726\":1,\"89\":1,\"86\":1,\"699\":1,\"673\":1,\"737\":1,\"125\":1,\"197\":1,\"200\":1,\"746\":1,\"749\":1,\"758\":1,\"761\":1,\"664\":1,\"667\":1,\"300\":1,\"274\":1,\"271\":1,\"554\":1,\"557\":1,\"297\":1},\"3\":{\"68\":1,\"87\":1,\"758\":1,\"73\":1,\"168\":1,\"172\":1,\"90\":1,\"1610\":1,\"1616\":1,\"1622\":1,\"1619\":1,\"1607\":1,\"1625\":1,\"1604\":1,\"1634\":1,\"1613\":1,\"24\":1,\"16\":1,\"749\":1,\"265\":1,\"731\":1,\"727\":1,\"741\":1,\"735\":1,\"614\":1,\"745\":1,\"720\":1,\"12\":1,\"610\":1,\"1421\":1,\"809\":1,\"1390\":1,\"1393\":1,\"1396\":1},\"54\":{\"43\":1,\"50\":1,\"16\":4,\"891\":3,\"903\":3,\"666\":3,\"789\":3,\"258\":1,\"876\":1,\"317\":1,\"345\":1,\"371\":1,\"400\":1,\"1556\":4,\"1566\":4,\"333\":4,\"338\":4,\"358\":4,\"363\":4,\"387\":4,\"392\":4,\"413\":4,\"418\":4,\"287\":4,\"271\":4,\"200\":4,\"280\":4,\"12\":4,\"435\":4,\"829\":4,\"29\":5,\"376\":5,\"83\":4,\"76\":4,\"88\":4,\"110\":4,\"116\":4,\"122\":4,\"69\":4,\"108\":4,\"181\":1,\"630\":1,\"629\":1,\"484\":1,\"55\":1,\"180\":1,\"531\":1,\"321\":1,\"691\":1,\"612\":1,\"1069\":1,\"1070\":1,\"164\":1,\"158\":1,\"176\":1,\"170\":1,\"57\":1,\"669\":1,\"675\":1,\"681\":1,\"308\":1,\"90\":1,\"63\":1,\"224\":6,\"233\":6,\"182\":6,\"244\":6,\"861\":6},\"53\":{\"1503\":1,\"1459\":1,\"1851\":1,\"1896\":1,\"460\":1,\"1474\":1,\"163\":1,\"1866\":1,\"67\":4,\"173\":4},\"11\":{\"205\":1,\"462\":1,\"477\":1,\"219\":1,\"329\":1,\"263\":1,\"930\":1,\"349\":1,\"568\":1,\"385\":1,\"234\":1,\"554\":1,\"231\":1,\"268\":1,\"501\":1,\"278\":1,\"509\":1,\"275\":1,\"282\":1,\"285\":1,\"518\":1,\"565\":1,\"201\":1,\"646\":1,\"487\":1,\"352\":1,\"523\":1,\"541\":1,\"595\":1,\"590\":1,\"556\":1,\"559\":1,\"531\":1,\"374\":1,\"393\":1,\"228\":1,\"379\":1,\"464\":1,\"196\":1,\"472\":1,\"212\":1,\"482\":1,\"486\":1,\"863\":1,\"867\":1,\"913\":1,\"921\":1,\"924\":1,\"249\":1,\"252\":1,\"255\":1,\"933\":1,\"598\":1,\"601\":1,\"328\":1,\"32\":1,\"906\":1,\"259\":1},\"68\":{\"328\":1,\"314\":1,\"321\":1,\"415\":1,\"452\":1,\"461\":1,\"474\":1,\"493\":1,\"45\":1,\"54\":1,\"69\":1,\"169\":1,\"307\":1,\"541\":1,\"560\":1,\"568\":1,\"580\":1,\"422\":1,\"429\":1,\"437\":1,\"215\":1,\"40\":1,\"2\":1,\"5\":1,\"470420483\":1,\"-396638403\":1,\"142219658\":1,\"912818534\":1,\"377377340\":1,\"-2063965500\":1,\"244\":1,\"249\":1,\"200\":1,\"234\":1,\"254\":1,\"270\":5,\"283\":5,\"296\":5,\"335\":5,\"441\":5,\"797\":5,\"-788912603\":1,\"-1348726935\":1,\"515984491\":1,\"-739964803\":1,\"-1952242028\":1,\"42099718\":1,\"-1315487699\":1,\"-2126575010\":1,\"211993239\":1,\"-1093076522\":1,\"-333506666\":1,\"-1506054472\":1,\"-1993326105\":1,\"-2139517579\":1,\"-321417177\":1,\"577799836\":1,\"-855212057\":1,\"549733450\":1,\"-1784838722\":1,\"-507987016\":1,\"-419113190\":1,\"809486797\":1,\"-1855216470\":1,\"930384154\":1,\"982737376\":1,\"-434743915\":1,\"1954758691\":1,\"-153974966\":1,\"612365757\":1,\"1509300838\":1,\"1894807579\":1,\"84\":3,\"93\":3,\"202\":1,\"201\":1,\"235\":1,\"236\":1,\"245\":1,\"246\":1,\"256\":1,\"255\":1,\"250\":1,\"251\":1},\"78\":{\"452\":1,\"453\":1,\"454\":1,\"455\":1,\"470\":1,\"471\":1,\"472\":1,\"473\":1,\"58\":1,\"92\":1,\"94\":1,\"135\":1,\"145\":1,\"149\":1,\"152\":1,\"154\":1,\"180\":1,\"182\":1,\"199\":1,\"201\":1,\"213\":1,\"316\":1,\"325\":1,\"330\":1,\"345\":1,\"347\":1,\"357\":1,\"390\":1,\"460\":1,\"478\":1,\"509\":1,\"565\":1,\"567\":1,\"628\":1,\"639\":1,\"653\":1,\"669\":1,\"671\":1,\"763\":1,\"765\":1,\"791\":1,\"815\":1,\"817\":1,\"841\":1,\"867\":1,\"869\":1,\"893\":1,\"895\":1,\"921\":1,\"945\":1,\"947\":1,\"1232\":1,\"1651\":1,\"1652\":1,\"1653\":1,\"1654\":1,\"1656\":1,\"1657\":1,\"1658\":1,\"1659\":1,\"1661\":1,\"1662\":1,\"1663\":1,\"1664\":1,\"1666\":1,\"1667\":1,\"1668\":1,\"1669\":1,\"1671\":1,\"1672\":1,\"1673\":1,\"1674\":1,\"1676\":1,\"1677\":1,\"1678\":1,\"1679\":1,\"1681\":1,\"1684\":1,\"1960\":1,\"1993\":1,\"1995\":1,\"1996\":1,\"1997\":1,\"1998\":1,\"2000\":1,\"2001\":1,\"2002\":1,\"2003\":1,\"2005\":1,\"2006\":1,\"2007\":1,\"2008\":1,\"2012\":1,\"2013\":1,\"2014\":1,\"2015\":1,\"2017\":1,\"2018\":1,\"2019\":1,\"2020\":1,\"2022\":1,\"2023\":1,\"2024\":1,\"2025\":1,\"2027\":1,\"2030\":1,\"2069\":1,\"2070\":1,\"2072\":1,\"2073\":1,\"2074\":1,\"2075\":1,\"2077\":1,\"2078\":1,\"2079\":1,\"2080\":1,\"2082\":1,\"2083\":1,\"2084\":1,\"2085\":1,\"2087\":1,\"2088\":1,\"2089\":1,\"2090\":1,\"2092\":1,\"2093\":1,\"2094\":1,\"2095\":1,\"2097\":1,\"2098\":1,\"2099\":1,\"2100\":1,\"2102\":1,\"2103\":1,\"2104\":1,\"2105\":1,\"2107\":1,\"2108\":1,\"2109\":1,\"2110\":1,\"2112\":1,\"2113\":1,\"2114\":1,\"2115\":1,\"2117\":1,\"2118\":1,\"2119\":1,\"2120\":1,\"2122\":1,\"2123\":1,\"2124\":1,\"2125\":1,\"2127\":1,\"2128\":1,\"2129\":1,\"2130\":1,\"2132\":1,\"2133\":1,\"2134\":1,\"2135\":1,\"2137\":1,\"2138\":1,\"2139\":1,\"2140\":1,\"2142\":1,\"2143\":1,\"2144\":1,\"2145\":1,\"2147\":1,\"2148\":1,\"2149\":1,\"2150\":1,\"2152\":1,\"2153\":1,\"2154\":1,\"2155\":1,\"2157\":1,\"2190\":1,\"2191\":1,\"2192\":1,\"2194\":1,\"2195\":1,\"2196\":1,\"2197\":1,\"2199\":1,\"2200\":1,\"2201\":1,\"2202\":1,\"2204\":1,\"2205\":1,\"2206\":1,\"2207\":1,\"2209\":1,\"2210\":1,\"2211\":1,\"2212\":1,\"2214\":1,\"2215\":1,\"2216\":1,\"2217\":1,\"2219\":1,\"2220\":1,\"2221\":1,\"2222\":1,\"2224\":1,\"2225\":1,\"2226\":1,\"2227\":1,\"52\":1,\"100\":1,\"98\":1,\"126\":1,\"132\":1,\"743\":1,\"747\":1,\"462\":1,\"439\":1,\"172\":1,\"178\":1,\"184\":1,\"142\":1,\"170\":1,\"333\":3,\"441\":3,\"511\":3,\"1962\":3,\"48\":3,\"1709\":6,\"516\":6,\"194\":6,\"206\":1,\"197\":1,\"203\":1,\"561\":1,\"651\":1,\"657\":6,\"630\":6,\"620\":6,\"686\":6,\"209\":6,\"673\":6,\"216\":1,\"219\":1,\"222\":1,\"225\":1,\"228\":1,\"349\":6,\"750\":6,\"767\":6,\"776\":6,\"793\":6,\"802\":6,\"819\":6,\"828\":6,\"845\":6,\"854\":6,\"880\":6,\"871\":6,\"923\":6,\"932\":6,\"949\":6,\"958\":6,\"906\":6,\"897\":6,\"238\":1,\"232\":1,\"235\":1,\"241\":1,\"326\":1,\"122\":1,\"133\":1},\"58\":{\"120\":1,\"119\":1,\"118\":1,\"117\":1,\"116\":1,\"115\":1,\"114\":1,\"130\":1,\"129\":1,\"128\":1,\"127\":1,\"113\":1,\"1048\":3,\"134\":3,\"123\":3,\"357\":3,\"213\":3,\"284\":3,\"224\":3,\"260\":3,\"368\":3,\"188\":3,\"375\":3,\"338\":3,\"506\":3,\"182\":3,\"3\":3,\"194\":3,\"1692\":3,\"1718\":3,\"1744\":3,\"1770\":3,\"1796\":3,\"1822\":3,\"1848\":3,\"1874\":3,\"1900\":3,\"1978\":3,\"2004\":3,\"2100\":3,\"2126\":3,\"2173\":3,\"2199\":3,\"2246\":3,\"2272\":3,\"2315\":3,\"2341\":3,\"2367\":3,\"2393\":3,\"2419\":3,\"2445\":3,\"2471\":3,\"2508\":3,\"2534\":3,\"2560\":3,\"700\":3,\"516\":3,\"1052\":3,\"145\":3,\"290\":3,\"319\":3,\"325\":3,\"229\":3,\"380\":3,\"7\":3,\"1649\":3,\"1670\":3,\"1696\":3,\"1722\":3,\"1748\":3,\"1774\":3,\"1800\":3,\"1826\":3,\"1852\":3,\"1878\":3,\"1904\":3,\"1982\":3,\"2008\":3,\"2030\":3,\"2051\":3,\"2104\":3,\"2130\":3,\"2151\":3,\"2177\":3,\"2203\":3,\"2250\":3,\"2276\":3,\"2319\":3,\"2345\":3,\"2371\":3,\"2397\":3,\"2423\":3,\"2449\":3,\"2475\":3,\"2512\":3,\"2538\":3,\"2564\":3,\"1324\":3,\"205\":3,\"1059\":8,\"1065\":8,\"1062\":8,\"1149\":8,\"850\":8,\"1068\":8,\"1071\":8,\"1106\":8,\"1109\":8,\"1112\":8,\"1360\":8,\"1363\":8,\"593\":1,\"583\":1,\"584\":1,\"612\":1,\"590\":1,\"589\":1,\"580\":1,\"55\":1,\"880\":1,\"886\":1,\"892\":1,\"569\":1,\"571\":1,\"572\":1,\"573\":1,\"575\":1,\"570\":1,\"576\":1,\"567\":1,\"898\":1,\"904\":1,\"695\":3,\"1368\":3,\"409\":1,\"410\":1,\"411\":1,\"412\":1,\"999\":1,\"1093\":1,\"996\":1,\"1104\":1},\"44\":{\"302\":18,\"340\":18,\"432\":18,\"497\":18,\"516\":18,\"394\":18,\"715\":18,\"742\":18,\"758\":18,\"1027\":18,\"1182\":18,\"79\":18,\"321\":18,\"359\":18,\"566\":18,\"606\":18,\"915\":18,\"834\":18,\"685\":18,\"874\":18,\"734\":18,\"214\":18,\"413\":18,\"36\":18,\"177\":18,\"104\":18,\"123\":18,\"148\":18,\"98\":18,\"478\":18,\"522\":18,\"451\":18,\"555\":18,\"470\":18,\"652\":18,\"704\":18,\"633\":18,\"1065\":18,\"775\":18,\"852\":18,\"890\":18,\"896\":18,\"986\":18,\"815\":18,\"941\":18,\"960\":18,\"1046\":18,\"1008\":18,\"1084\":18,\"1207\":18,\"1226\":18,\"1242\":18,\"1322\":18,\"1103\":18,\"1141\":18,\"1122\":18,\"1160\":18,\"1266\":18,\"1307\":18,\"1247\":18,\"250\":18,\"73\":18,\"1340\":18,\"1391\":18,\"1429\":18,\"1410\":18,\"1449\":18,\"288\":18,\"2939\":18,\"3054\":18,\"3075\":18,\"3128\":18,\"3179\":18,\"1739\":18,\"1759\":18,\"1779\":18,\"1799\":18,\"1819\":18,\"1839\":18,\"2466\":18,\"2490\":18,\"2831\":18,\"3099\":18,\"17\":1,\"23\":1,\"2938\":1,\"2966\":1,\"2942\":1,\"2560\":1,\"2973\":1,\"203\":1,\"2958\":1,\"11\":1,\"2943\":1,\"2150\":16,\"2096\":16,\"2390\":16,\"3310\":16,\"1573\":16,\"239\":16,\"3329\":16,\"2233\":16,\"1618\":16,\"1588\":16,\"3013\":16,\"2995\":16,\"2140\":16,\"2978\":16,\"2325\":16,\"1851\":16,\"119\":18,\"355\":18,\"409\":18,\"474\":18,\"629\":18,\"518\":18,\"562\":18,\"681\":18,\"738\":18,\"667\":18,\"982\":18,\"537\":18,\"892\":18,\"848\":18,\"1178\":18,\"51\":18,\"317\":18,\"298\":18,\"390\":18,\"870\":18,\"512\":18,\"428\":18,\"602\":18,\"336\":18,\"493\":18,\"210\":18,\"32\":18,\"100\":18,\"144\":18,\"94\":18,\"173\":18,\"229\":18,\"447\":18,\"551\":18,\"466\":18,\"700\":18,\"648\":18,\"1061\":18,\"730\":18,\"771\":18,\"867\":18,\"911\":18,\"811\":18,\"830\":18,\"937\":18,\"956\":18,\"1042\":18,\"1004\":18,\"1023\":18,\"1080\":18,\"1203\":18,\"1197\":18,\"1222\":18,\"1099\":18,\"1137\":18,\"1156\":18,\"1118\":18,\"1262\":18,\"1303\":18,\"1175\":18,\"1336\":18,\"1287\":18,\"246\":18,\"69\":18,\"1387\":18,\"1425\":18,\"1406\":18,\"1445\":18,\"284\":18,\"3050\":18,\"3071\":18,\"3109\":18,\"3175\":18,\"1734\":18,\"1755\":18,\"1775\":18,\"1795\":18,\"1815\":18,\"1835\":18,\"2462\":18,\"2486\":18,\"2564\":18,\"3095\":18,\"2940\":1,\"3061\":1,\"1603\":16,\"1651\":16,\"1623\":16},\"55\":{\"377\":1,\"395\":1,\"407\":1,\"401\":1,\"413\":1,\"389\":1,\"69\":1,\"383\":1,\"371\":1,\"360\":1,\"151\":1,\"167\":1,\"369\":1,\"357\":1,\"457\":1,\"10\":1,\"12\":1,\"26\":1,\"14\":1,\"24\":1,\"22\":1,\"168\":1,\"442\":1,\"444\":1,\"482\":1,\"77\":1,\"80\":1,\"84\":1,\"562\":1,\"564\":1,\"436\":1,\"438\":1,\"451\":1,\"459\":1,\"466\":1,\"468\":1,\"470\":1,\"533\":1,\"536\":1,\"573\":1,\"4\":1,\"1\":1,\"729\":1,\"806\":1,\"681\":1,\"683\":1,\"874\":1,\"876\":1,\"358\":1,\"496\":1,\"886\":1,\"888\":1,\"605\":1,\"608\":1,\"620\":1,\"622\":1,\"627\":1,\"629\":1,\"896\":1,\"899\":1,\"902\":1,\"905\":1,\"606\":1,\"881\":1,\"908\":1,\"911\":1,\"513\":1,\"587\":1,\"914\":1,\"917\":1,\"920\":1,\"923\":1,\"507\":1,\"505\":1,\"893\":1,\"158\":1},\"1014\":{\"1045\":1,\"1036\":1,\"1024\":1,\"1010\":1,\"1014\":1,\"1217\":1,\"1020\":1,\"1019\":1,\"1191\":1,\"1026\":1,\"1028\":1,\"1012\":1,\"1083\":1,\"916\":1,\"1076\":1,\"1087\":1,\"1090\":1,\"1093\":1,\"1096\":1,\"1105\":1,\"906\":1,\"1119\":1,\"1122\":1,\"909\":1,\"1138\":1,\"1141\":1,\"1144\":1,\"1147\":1,\"920\":1,\"1155\":1,\"1158\":1,\"1161\":1,\"1164\":1,\"913\":1,\"911\":1,\"1172\":1,\"1175\":1,\"1178\":1,\"1181\":1,\"927\":1,\"1197\":1,\"918\":1,\"923\":1,\"925\":1,\"930\":1,\"932\":1,\"-1309013412\":1,\"-539753438\":1,\"-912997699\":1,\"-1693765787\":1,\"803086049\":1,\"-1918099220\":1,\"1653306831\":1,\"-1474875219\":1,\"409839058\":1,\"46521246\":1,\"1135\":1,\"-2121945514\":1,\"-239172302\":1,\"-95500233\":1,\"-557324142\":1,\"-1272666596\":1,\"128630149\":1,\"-786018933\":1,\"-263343941\":1,\"1568317013\":1,\"-547450200\":1,\"-905751698\":1,\"-2106909334\":1,\"1295321969\":1,\"1389917097\":1,\"848972746\":1,\"1935284162\":1,\"-480394827\":1,\"219230270\":1,\"-1424572747\":1,\"233711784\":1,\"1563342810\":1,\"1040\":1},\"69\":{\"650\":7,\"680\":7,\"686\":7,\"692\":7,\"662\":7,\"656\":7,\"674\":7,\"1874\":7,\"823\":7,\"1881\":7,\"876\":7,\"-1717481926\":1,\"-1938716839\":1,\"293488660\":1,\"1632631778\":1,\"2039562565\":1,\"4\":1,\"883\":1,\"28\":1,\"34\":1,\"312\":1,\"832\":1,\"1358\":1,\"863\":1,\"826\":1,\"842\":1,\"1367\":1,\"23\":1,\"17\":1,\"1362\":1,\"1355\":1,\"1342\":1,\"851\":1,\"898\":1,\"893\":1,\"846\":1,\"867\":1,\"870\":1,\"886\":1,\"2\":1,\"889\":1,\"860\":1,\"78\":4,\"69\":4,\"74\":4,\"1245\":4,\"1959283206\":1,\"-1467376285\":1,\"2090999839\":1,\"-325514193\":1,\"496715677\":1,\"1554510797\":1,\"367473584\":1,\"1665317930\":1,\"-2006431757\":1,\"1462635503\":1,\"-1698966748\":1,\"209\":1,\"211\":1,\"210\":1,\"207\":1,\"205\":1,\"206\":1,\"215\":1,\"212\":1,\"213\":1,\"214\":1,\"208\":1,\"1606\":3,\"1693\":3,\"1832\":3,\"1776\":3,\"1804\":3,\"1409\":3,\"771\":3,\"1748\":3,\"245\":3,\"247\":3,\"934\":3,\"1578\":3,\"920\":3,\"668\":3,\"1611\":3,\"1698\":3,\"1837\":3,\"1781\":3,\"1809\":3,\"1428\":3,\"1725\":3,\"1753\":3,\"252\":3,\"1455\":3,\"281\":3,\"1132\":3,\"1583\":3,\"916\":3,\"92\":3,\"87\":3,\"93\":3,\"89\":3,\"90\":3,\"88\":3,\"94\":3,\"1450\":3,\"1451\":3,\"1452\":3,\"1453\":3,\"1577\":3,\"55\":3,\"767\":3,\"764\":3,\"120\":1,\"125\":1,\"122\":1,\"126\":1,\"241\":1,\"138\":1,\"139\":1,\"137\":1,\"134\":1,\"123\":1,\"129\":1,\"130\":1,\"131\":1,\"132\":1,\"133\":1,\"237\":1,\"234\":1,\"135\":1,\"142\":1,\"118\":1,\"143\":1,\"116\":1,\"162\":1,\"113\":1,\"128\":1,\"774\":1,\"114\":1,\"776\":1,\"777\":1,\"775\":1,\"164\":1,\"63\":1,\"102\":1,\"127\":1,\"144\":1,\"115\":1,\"121\":1,\"49\":1,\"2000\":1,\"165\":1,\"169\":1,\"170\":1,\"171\":1,\"172\":1,\"173\":1,\"174\":1,\"152\":7,\"146\":7,\"158\":7,\"-1649310031\":1,\"250956248\":1,\"320\":1,\"322\":1,\"321\":1,\"323\":1,\"324\":1,\"1188\":1,\"1189\":1,\"1191\":1,\"1190\":1,\"1192\":1,\"1193\":1,\"1194\":1,\"1195\":1,\"1196\":1,\"1197\":1,\"1200\":1,\"1199\":1,\"1198\":1,\"1201\":1,\"1202\":1,\"1204\":1,\"1203\":1,\"1205\":1,\"1206\":1,\"1207\":1,\"763\":1,\"761\":1,\"762\":1,\"1295923575\":1,\"191\":7,\"184\":7,\"195\":7,\"119\":7,\"1153\":1,\"1154\":1,\"1155\":1,\"1156\":1,\"1157\":1,\"1158\":1,\"1159\":1,\"1160\":1,\"1161\":1,\"1162\":1,\"1163\":1,\"1164\":1,\"1165\":1,\"1166\":1,\"1167\":1,\"-2031782707\":1,\"1147\":1,\"1149\":1,\"1150\":1,\"1152\":1,\"1560\":1,\"1557\":1,\"1554\":1,\"1572\":1,\"1566\":1,\"1575\":1,\"-1185563480\":1,\"1076145309\":1,\"-1691519976\":1,\"1633073703\":1,\"-1155830960\":1,\"564828801\":1,\"348851577\":1,\"-1881072019\":1,\"-1882311506\":1,\"1517\":1,\"835\":3,\"841\":3,\"864\":3,\"871\":3,\"1989\":3,\"1997\":3,\"1524\":1,\"908\":1,\"914\":1,\"942\":1,\"1137\":1,\"1369\":1,\"1389\":1,\"1395\":1,\"1401\":1,\"1407\":1,\"1424\":1},\"1011\":{\"2625\":1,\"2635\":1,\"2645\":1,\"2655\":1,\"2888\":1,\"2898\":1,\"2908\":1,\"2918\":1,\"2928\":1,\"2938\":1,\"2948\":1,\"2958\":1,\"2968\":1,\"3099\":1,\"3109\":1,\"3119\":1,\"3129\":1,\"2683\":1,\"2023\":1,\"1426\":1,\"862\":1,\"802\":1,\"792\":1,\"852\":1,\"595\":1,\"644\":1,\"842\":1,\"812\":1,\"822\":1,\"3555\":1,\"3585\":1,\"3615\":1,\"3635\":1,\"3665\":1,\"3675\":1,\"3685\":1,\"3695\":1,\"3705\":1,\"3715\":1,\"3725\":1,\"2205\":1,\"2265\":1,\"2275\":1,\"2605\":1,\"2555\":1,\"2565\":1,\"2575\":1,\"2585\":1,\"2595\":1,\"2347\":1,\"440\":1,\"450\":1,\"460\":1,\"2703\":1,\"2693\":1,\"3545\":1,\"3535\":1,\"639\":1,\"565\":1,\"575\":1,\"585\":1,\"950\":1,\"960\":1,\"990\":1,\"1077\":1,\"1087\":1,\"1159\":1,\"872\":1,\"3298\":1,\"1346\":1,\"1376\":1,\"1993\":1,\"1446\":1,\"1567\":1,\"1577\":1,\"2185\":1,\"2195\":1,\"1587\":1,\"1547\":1,\"1557\":1,\"1436\":1,\"1416\":1,\"1608\":1,\"1618\":1,\"1628\":1,\"1638\":1,\"1648\":1,\"1658\":1,\"1668\":1,\"1678\":1,\"770\":1,\"1774\":1,\"1814\":1,\"1754\":1,\"1854\":1,\"1874\":1,\"1904\":1,\"1956\":1,\"2056\":1,\"2066\":1,\"2076\":1,\"2086\":1,\"2107\":1,\"2117\":1,\"2127\":1,\"2137\":1,\"2147\":1,\"2157\":1,\"2167\":1,\"2176\":1,\"2673\":1,\"1109\":1,\"1943\":1,\"1209\":1,\"1189\":1,\"1973\":1,\"1119\":1,\"1517\":1,\"1537\":1,\"1924\":1,\"1527\":1,\"1506\":1,\"2036\":1,\"1042\":1,\"2033\":1,\"2216\":1,\"1598\":1,\"2814\":1,\"2794\":1,\"980\":1,\"1020\":1,\"515\":1,\"505\":1,\"1336\":1,\"1844\":1,\"2535\":1,\"1250\":1,\"2753\":1,\"1476\":1,\"1466\":1,\"1496\":1,\"2003\":1,\"2013\":1,\"2723\":1,\"2206\":1,\"2385\":1,\"1884\":1,\"2094\":1,\"1270\":1,\"495\":1,\"1230\":1,\"1734\":1,\"1723\":1,\"629\":1,\"555\":1,\"525\":1,\"1010\":1,\"1150\":1,\"1057\":1,\"1260\":1,\"1386\":1,\"1290\":1,\"1280\":1,\"2774\":1,\"1170\":1,\"930\":1,\"892\":1,\"1356\":1,\"619\":1,\"880\":1,\"1140\":1,\"1097\":1,\"1220\":1,\"1366\":1,\"2545\":1,\"2465\":1,\"2764\":1,\"2784\":1,\"3605\":1,\"2415\":1,\"2733\":1,\"2485\":1,\"2474\":1,\"2226\":1,\"2236\":1,\"3145\":1,\"2515\":1,\"2046\":1,\"1794\":1,\"1486\":1,\"1199\":1,\"1953\":1,\"1864\":1,\"1933\":1,\"1240\":1,\"1764\":1,\"535\":1,\"545\":1,\"970\":1,\"940\":1,\"1000\":1,\"1030\":1,\"920\":1,\"910\":1,\"1067\":1,\"1179\":1,\"902\":1,\"1744\":1,\"1310\":1,\"2525\":1,\"1784\":1,\"1983\":1,\"2503\":1,\"3155\":1,\"2505\":1,\"3735\":1,\"3595\":1,\"1824\":1,\"1456\":1,\"1406\":1,\"2455\":1,\"763\":1,\"832\":1,\"2445\":1,\"2435\":1,\"1894\":1,\"2824\":1,\"1834\":1,\"3575\":1,\"2494\":1,\"3645\":1,\"3655\":1,\"2405\":1,\"1914\":1,\"2804\":1,\"2743\":1,\"3625\":1,\"2395\":1,\"2713\":1,\"3090\":1,\"3565\":1,\"1300\":1,\"1129\":1,\"2246\":1,\"778\":3,\"3342\":3,\"3368\":3,\"3394\":3,\"782\":3,\"3346\":3,\"3372\":3,\"3398\":3},\"13\":{\"191\":15,\"3941\":15,\"3929\":15,\"3935\":15,\"3947\":15,\"1050\":15,\"1200\":15,\"1071\":15,\"1114\":15,\"1157\":15,\"1415\":15,\"1329\":15,\"1372\":15,\"1458\":15,\"2\":15,\"45\":15,\"1286\":15,\"1243\":15,\"88\":15,\"578\":15,\"621\":15,\"492\":15,\"535\":15,\"664\":15,\"449\":15,\"363\":15,\"406\":15,\"320\":15,\"277\":15,\"750\":15,\"707\":15,\"234\":15,\"3348\":15,\"3354\":15,\"1849\":15,\"1855\":15,\"1758\":15,\"1764\":15,\"1770\":15,\"1776\":15,\"3953\":15,\"3959\":15,\"4656\":15,\"4662\":15,\"4716\":1,\"4719\":1,\"4758\":15,\"4801\":15,\"4844\":15,\"4887\":15,\"4930\":15,\"4973\":15,\"5016\":15,\"5059\":15,\"5102\":15,\"5145\":15,\"5188\":15,\"5231\":15,\"5274\":15,\"5317\":15,\"5360\":15,\"5403\":15,\"5446\":15,\"5489\":15,\"5532\":15,\"5575\":15,\"5618\":15,\"5661\":15,\"5704\":15,\"5747\":15,\"5790\":15,\"5833\":15,\"5876\":15,\"5919\":15,\"5962\":15,\"6005\":15,\"793\":15,\"836\":15,\"879\":15,\"959\":15,\"1002\":15,\"1500\":15,\"1543\":15,\"1586\":15,\"1629\":15,\"1672\":15,\"1715\":15,\"2056\":1,\"2777\":1,\"2063\":1,\"2969\":1,\"931\":1,\"932\":1,\"909\":1,\"2990\":1,\"2936\":1,\"927\":1,\"3002\":1,\"2062\":1,\"2060\":1,\"2061\":1,\"2059\":1,\"2966\":1,\"2965\":1,\"2967\":1,\"2968\":1,\"2053\":1,\"2055\":1,\"2054\":1,\"2052\":1,\"2042\":1,\"2978\":1},\"1016\":{\"758\":1,\"760\":8,\"762\":8,\"748\":8,\"750\":8,\"752\":8,\"738\":8,\"740\":8,\"742\":8,\"728\":8,\"730\":8,\"732\":8,\"455\":8,\"452\":8,\"723\":8,\"768\":8,\"772\":8,\"770\":8,\"888\":1,\"911\":1,\"931\":1,\"953\":1,\"439\":1,\"427\":1,\"1202\":1,\"1125\":1,\"1048\":1,\"967\":1,\"432\":1,\"1279\":1},\"25\":{\"572\":5,\"31\":5,\"122\":5,\"582\":5,\"587\":5,\"577\":5,\"219\":1,\"145\":1,\"335\":1,\"256\":1,\"341\":1,\"257\":4,\"300\":4,\"62\":1,\"54\":1,\"64\":1,\"66\":1,\"56\":1,\"58\":1,\"81\":1,\"79\":1,\"84\":1,\"86\":1,\"119\":1,\"100\":1},\"51\":{\"1163\":4,\"1026\":4,\"1010\":4,\"2126035821\":1,\"145810271\":1,\"1089132648\":1,\"336698258\":1,\"1507286978\":1,\"1710123912\":1,\"8303067\":1,\"1975650666\":1,\"-1892658304\":1,\"-448183129\":1,\"1755035936\":1,\"717632932\":1,\"1687941755\":1,\"1280700966\":1,\"1434984295\":1,\"27391261\":1,\"1032\":4,\"1022\":4},\"61\":{\"1446\":1,\"1442\":1,\"1435\":1,\"1561\":3,\"1951\":3,\"1918\":3,\"1345\":3,\"1384\":3,\"2032\":3,\"1258\":3,\"2035\":3,\"1250\":3,\"1380\":3,\"1912\":3,\"1254\":3,\"1297\":3,\"1915\":3,\"1957\":3,\"1954\":3,\"1364\":3,\"1376\":3,\"1964\":3,\"1967\":3,\"1970\":3,\"659\":3,\"683\":3,\"968\":3,\"2038\":3,\"1392\":3,\"1396\":3,\"1400\":3,\"1950\":3,\"1391\":3,\"2031\":3,\"1249\":3,\"1911\":3,\"1275\":3,\"1375\":3,\"1963\":3,\"658\":3,\"1755\":1,\"1763\":1,\"655\":1,\"728\":1,\"730\":1,\"734\":1,\"732\":1,\"1846\":1,\"1019\":1,\"1067\":1,\"1727\":1,\"1732\":1,\"1829\":1,\"1831\":1,\"1833\":1,\"1836\":1,\"1838\":1,\"1841\":1,\"1848\":1,\"1851\":1,\"1857\":1,\"1859\":1,\"1861\":1,\"1864\":1,\"1866\":1,\"1869\":1,\"1880\":1,\"1882\":1,\"1884\":1,\"744\":1,\"1750\":1,\"1769\":1,\"1772\":1,\"1775\":1,\"2335\":1,\"2347\":1,\"2343\":1,\"2339\":1,\"2331\":1,\"2305\":1,\"1834\":1,\"970\":1,\"964\":1,\"2312\":1,\"2311\":1,\"2310\":1,\"2308\":1,\"2303\":1,\"2302\":1,\"1828\":1,\"717\":1,\"704\":1,\"712\":1,\"910\":1,\"1243\":1,\"1730\":1,\"1729\":1,\"1724\":1,\"1723\":1,\"1898\":3,\"2045\":3,\"1815\":3,\"1896\":3,\"1981\":3,\"2241\":3},\"18\":{\"709\":1,\"712\":1,\"711\":1,\"710\":1,\"716\":1,\"715\":1,\"714\":1,\"713\":1,\"494\":8,\"496\":8,\"498\":8,\"500\":8,\"502\":8,\"142\":8,\"487\":8,\"486\":8,\"489\":8,\"140\":8,\"401\":8,\"403\":8,\"290\":4,\"285\":4,\"510\":8,\"458\":8,\"457\":8,\"434\":8,\"514\":8,\"460\":8,\"517\":8,\"418\":8,\"447\":8,\"464\":8,\"520\":8},\"37\":{\"1516\":1,\"1519\":1,\"1522\":1,\"1525\":1,\"1531\":3,\"1528\":3,\"1508\":3,\"1511\":3,\"1537\":3,\"1540\":3,\"1543\":3,\"1546\":3,\"1552\":3,\"1555\":3,\"1558\":3,\"1561\":3,\"686\":1,\"714\":1,\"744\":1,\"746\":1,\"797\":1,\"799\":1,\"832\":1,\"949\":1,\"955\":1,\"1138\":1,\"1518\":1,\"1538\":1,\"1554\":1,\"1566\":1,\"44\":1,\"718\":1,\"724\":1,\"727\":1,\"1149\":1,\"1161\":1,\"1156\":1,\"1166\":1,\"1168\":1,\"1172\":1,\"1306\":1,\"1300\":1,\"1302\":1,\"1315\":1,\"1321\":1,\"1317\":1,\"10\":8,\"87\":8,\"729\":8,\"734\":8,\"11\":1,\"738\":1,\"1146\":1,\"1157\":1,\"680\":1,\"841\":1,\"45\":1,\"817\":1,\"49\":1,\"58\":1,\"65\":1,\"700\":1,\"51\":1,\"786\":2,\"91\":2,\"768\":2,\"1704\":1,\"1706\":1,\"1711\":1,\"1573\":1,\"1575\":1,\"1580\":1,\"1686\":1,\"1688\":1,\"1693\":1,\"675\":1,\"1021\":1,\"1023\":1,\"790\":1,\"1020\":1},\"46\":{\"71\":1,\"732\":1,\"743\":1,\"95\":1,\"710\":1,\"754\":1,\"350\":1,\"369\":1,\"391\":1,\"409\":1,\"446\":1,\"419\":1,\"336\":1,\"325\":1,\"285\":1,\"300\":1,\"117\":1,\"269\":1,\"251\":1,\"141\":1,\"380\":1,\"402\":1,\"434\":1,\"489\":1,\"500\":1,\"522\":1,\"511\":1,\"555\":1,\"566\":1,\"533\":1,\"544\":1,\"72\":1,\"83\":1,\"769\":1,\"784\":1,\"314\":1,\"361\":1,\"801\":1,\"812\":1,\"823\":1,\"457\":1,\"468\":1,\"479\":1,\"835\":1,\"846\":1,\"857\":1,\"868\":1,\"879\":1,\"1072\":1,\"2356\":1,\"2381\":1,\"2400\":1,\"235\":1,\"1242\":1,\"1244\":1,\"1246\":1,\"1248\":1,\"1250\":1,\"1252\":1,\"1283\":1,\"1254\":1,\"1256\":1,\"1179\":1,\"1258\":1,\"1260\":1,\"1262\":1,\"1279\":1,\"1277\":1,\"1173\":1,\"1199\":1,\"1184\":1,\"1189\":1,\"1194\":1,\"1175\":1,\"1275\":1,\"1273\":1,\"1271\":1,\"1269\":1,\"1267\":1,\"1854\":1,\"1855\":1,\"1856\":1,\"1857\":1,\"1858\":1,\"1859\":1,\"1860\":1,\"1861\":1,\"1862\":1,\"1863\":1,\"1864\":1,\"1865\":1,\"1828\":1,\"1829\":1,\"1830\":1,\"1831\":1,\"1832\":1,\"1833\":1,\"1834\":1,\"1835\":1,\"1836\":1,\"1837\":1,\"1838\":1,\"1839\":1,\"1867\":1,\"1868\":1,\"1869\":1,\"1870\":1,\"1871\":1,\"1872\":1,\"1873\":1,\"1874\":1,\"1875\":1,\"1876\":1,\"1877\":1,\"1878\":1,\"19\":1,\"20\":1,\"1841\":1,\"1842\":1,\"1843\":1,\"1844\":1,\"1845\":1,\"1846\":1,\"1847\":1,\"1848\":1,\"1849\":1,\"1850\":1,\"1851\":1,\"1852\":1,\"1906\":1,\"1907\":1,\"1917\":1,\"32\":1,\"33\":1,\"34\":1,\"35\":1,\"36\":1,\"37\":1,\"38\":1,\"39\":1,\"40\":1,\"41\":1,\"42\":1,\"649\":1,\"1197\":1,\"1192\":1,\"1182\":1,\"1265\":1,\"107\":1,\"101\":1,\"1909\":1,\"1910\":1,\"1911\":1,\"1912\":1,\"1913\":1,\"1914\":1,\"1915\":1,\"1916\":1,\"1908\":1,\"12\":1,\"13\":1,\"17\":1,\"18\":1,\"14\":1,\"15\":1,\"16\":1,\"1187\":1,\"651\":1,\"653\":1,\"655\":1,\"657\":1,\"1285\":1,\"1177\":1,\"1261\":1,\"1253\":1,\"1255\":1,\"1287\":1,\"1257\":1,\"659\":1,\"1174\":1,\"1191\":1,\"1259\":1,\"1231\":1,\"1233\":1,\"1235\":1,\"1237\":1,\"1240\":1,\"1819\":1,\"1820\":1,\"1821\":1,\"1825\":1,\"1822\":1,\"1823\":1,\"1824\":1,\"1826\":1,\"1281\":1,\"43\":1,\"1087\":1,\"1151\":1,\"1148\":1,\"1134\":1,\"1081\":1,\"1084\":1},\"5\":{\"63\":1,\"909\":1,\"123\":1,\"278\":1,\"146\":1,\"268\":1,\"403\":1,\"314\":1,\"16\":21,\"59\":21,\"934\":21,\"899\":21,\"1379\":21,\"1390\":21,\"1401\":21,\"457\":1,\"452\":1,\"474\":1,\"468\":1,\"642\":1,\"223\":1,\"209\":1,\"798\":1,\"293\":1,\"229\":1,\"502\":5,\"10\":5,\"619\":5},\"48\":{\"73\":1,\"900\":1,\"908\":1,\"916\":1,\"924\":1,\"940\":1,\"932\":1,\"791\":1,\"850\":1,\"862\":1,\"880\":1,\"874\":1,\"868\":1,\"2\":7,\"10\":7,\"-142618243\":1,\"109360077\":1,\"-1606572468\":1,\"-1036214770\":1,\"1670389900\":1,\"-629137644\":1,\"-862522555\":1,\"341530799\":1,\"1411319301\":1,\"-1975754824\":1,\"755600809\":1,\"-563921005\":1,\"-1350952618\":1,\"-703087901\":1,\"616811749\":1,\"-610482472\":1,\"1325227128\":1,\"1549822945\":1,\"90\":7,\"19\":7,\"69\":7,\"141\":7,\"43\":7,\"103\":7,\"33\":7,\"54\":7,\"45\":7,\"82\":7,\"115\":7,\"495\":7,\"120\":7,\"136\":7,\"414\":7,\"551\":7,\"714\":7},\"2\":{\"758\":1,\"733\":1,\"782\":1,\"777\":1,\"196\":4,\"774\":1,\"367\":4,\"378\":1,\"385\":1,\"32\":2,\"46\":2,\"238\":2,\"253\":2,\"77\":2,\"8\":2,\"391\":2,\"1936\":2,\"1949\":2,\"2\":2,\"2435\":2,\"61\":2,\"1321\":2,\"1151\":1,\"873\":1,\"885\":1,\"357\":1,\"894\":1,\"810\":1,\"852\":1,\"903\":1,\"941\":1,\"956\":1,\"971\":1,\"1055\":1,\"1070\":1,\"1085\":1,\"576\":1,\"1111\":1,\"1126\":1,\"1166\":1,\"1196\":1,\"601\":1,\"669\":1,\"1016\":1,\"1031\":1,\"1046\":1,\"1399\":1,\"1411\":1,\"1485\":1,\"1583\":1,\"1470\":1,\"1998\":1,\"2014\":1,\"2025\":1,\"2036\":1,\"2047\":1,\"2058\":1,\"1252\":1,\"1554\":1,\"1465\":1,\"1247\":1,\"1310\":1,\"1311\":1,\"1312\":1,\"1325\":1,\"1324\":1,\"1323\":1,\"1180\":5,\"351\":5,\"365\":5,\"1366\":1,\"1375\":1,\"1378\":1,\"1045\":1,\"1044\":1,\"1043\":1,\"1030\":1,\"1029\":1,\"1028\":1,\"755\":1,\"752\":1,\"749\":1,\"666\":1,\"642\":1,\"639\":1,\"555\":1,\"557\":1,\"548\":1,\"303\":1,\"301\":1,\"300\":1,\"317\":1,\"310\":1,\"309\":1,\"826\":1,\"827\":1,\"828\":1,\"898\":1,\"900\":1,\"902\":1,\"1002\":1,\"1003\":1,\"1004\":1,\"953\":1,\"954\":1,\"955\":1,\"968\":1,\"969\":1,\"970\":1,\"983\":1,\"984\":1,\"985\":1,\"1067\":1,\"1068\":1,\"1069\":1,\"1082\":1,\"1083\":1,\"1084\":1,\"1097\":1,\"1098\":1,\"1099\":1,\"1108\":1,\"1109\":1,\"1110\":1,\"1123\":1,\"1124\":1,\"1125\":1,\"1138\":1,\"1139\":1,\"1140\":1,\"1163\":1,\"1164\":1,\"1165\":1,\"1193\":1,\"1194\":1,\"1195\":1,\"1208\":1,\"1209\":1,\"1210\":1}}"
}