[{"ItemTemplateId":1,"Description":"平台","ItemFuncType":1,"SourceEntityId":[0],"WayPointGroups":[{"ItemId":6440,"PositionUp":{"X":-0.5,"Y":0.700000763,"Z":-0.5},"PositionDown":{"X":-0.5,"Y":-0.799999237,"Z":-0.5},"ItemPosition":{"X":4.0,"Y":-5.5,"Z":31.0},"ItemRotation":{"X":0.0,"Y":0.0,"Z":0.0},"ItemScale":{"X":4.0,"Y":1.0,"Z":4.0}},{"ItemId":6440,"PositionUp":{"X":-0.375,"Y":0.700000763,"Z":-0.5},"PositionDown":{"X":-0.375,"Y":-0.799999237,"Z":-0.5},"ItemPosition":{"X":4.0,"Y":-5.5,"Z":31.0},"ItemRotation":{"X":0.0,"Y":0.0,"Z":0.0},"ItemScale":{"X":4.0,"Y":1.0,"Z":4.0}},{"ItemId":6440,"PositionUp":{"X":-0.25,"Y":0.700000763,"Z":-0.5},"PositionDown":{"X":-0.25,"Y":-0.799999237,"Z":-0.5},"ItemPosition":{"X":4.0,"Y":-5.5,"Z":31.0},"ItemRotation":{"X":0.0,"Y":0.0,"Z":0.0},"ItemScale":{"X":4.0,"Y":1.0,"Z":4.0}},{"ItemId":6440,"PositionUp":{"X":-0.125,"Y":0.700000763,"Z":-0.5},"PositionDown":{"X":-0.125,"Y":-0.799999237,"Z":-0.5},"ItemPosition":{"X":4.0,"Y":-5.5,"Z":31.0},"ItemRotation":{"X":0.0,"Y":0.0,"Z":0.0},"ItemScale":{"X":4.0,"Y":1.0,"Z":4.0}},{"ItemId":6440,"PositionUp":{"X":0.0,"Y":0.700000763,"Z":-0.5},"PositionDown":{"X":0.0,"Y":-0.799999237,"Z":-0.5},"ItemPosition":{"X":4.0,"Y":-5.5,"Z":31.0},"ItemRotation":{"X":0.0,"Y":0.0,"Z":0.0},"ItemScale":{"X":4.0,"Y":1.0,"Z":4.0}},{"ItemId":6440,"PositionUp":{"X":0.125,"Y":0.700000763,"Z":-0.5},"PositionDown":{"X":0.125,"Y":-0.799999237,"Z":-0.5},"ItemPosition":{"X":4.0,"Y":-5.5,"Z":31.0},"ItemRotation":{"X":0.0,"Y":0.0,"Z":0.0},"ItemScale":{"X":4.0,"Y":1.0,"Z":4.0}},{"ItemId":6440,"PositionUp":{"X":0.25,"Y":0.700000763,"Z":-0.5},"PositionDown":{"X":0.25,"Y":-0.799999237,"Z":-0.5},"ItemPosition":{"X":4.0,"Y":-5.5,"Z":31.0},"ItemRotation":{"X":0.0,"Y":0.0,"Z":0.0},"ItemScale":{"X":4.0,"Y":1.0,"Z":4.0}},{"ItemId":6440,"PositionUp":{"X":0.375,"Y":0.700000763,"Z":-0.5},"PositionDown":{"X":0.375,"Y":-0.799999237,"Z":-0.5},"ItemPosition":{"X":4.0,"Y":-5.5,"Z":31.0},"ItemRotation":{"X":0.0,"Y":0.0,"Z":0.0},"ItemScale":{"X":4.0,"Y":1.0,"Z":4.0}},{"ItemId":6440,"PositionUp":{"X":0.5,"Y":0.700000763,"Z":-0.5},"PositionDown":{"X":0.5,"Y":-0.799999237,"Z":-0.5},"ItemPosition":{"X":4.0,"Y":-5.5,"Z":31.0},"ItemRotation":{"X":0.0,"Y":0.0,"Z":0.0},"ItemScale":{"X":4.0,"Y":1.0,"Z":4.0}},{"ItemId":6440,"PositionUp":{"X":-0.5,"Y":0.700000763,"Z":-0.375},"PositionDown":{"X":-0.5,"Y":-0.799999237,"Z":-0.375},"ItemPosition":{"X":4.0,"Y":-5.5,"Z":31.0},"ItemRotation":{"X":0.0,"Y":0.0,"Z":0.0},"ItemScale":{"X":4.0,"Y":1.0,"Z":4.0}},{"ItemId":6440,"PositionUp":{"X":-0.375,"Y":0.700000763,"Z":-0.375},"PositionDown":{"X":-0.375,"Y":-0.799999237,"Z":-0.375},"ItemPosition":{"X":4.0,"Y":-5.5,"Z":31.0},"ItemRotation":{"X":0.0,"Y":0.0,"Z":0.0},"ItemScale":{"X":4.0,"Y":1.0,"Z":4.0}},{"ItemId":6440,"PositionUp":{"X":-0.25,"Y":0.700000763,"Z":-0.375},"PositionDown":{"X":-0.25,"Y":-0.799999237,"Z":-0.375},"ItemPosition":{"X":4.0,"Y":-5.5,"Z":31.0},"ItemRotation":{"X":0.0,"Y":0.0,"Z":0.0},"ItemScale":{"X":4.0,"Y":1.0,"Z":4.0}},{"ItemId":6440,"PositionUp":{"X":-0.125,"Y":0.700000763,"Z":-0.375},"PositionDown":{"X":-0.125,"Y":-0.799999237,"Z":-0.375},"ItemPosition":{"X":4.0,"Y":-5.5,"Z":31.0},"ItemRotation":{"X":0.0,"Y":0.0,"Z":0.0},"ItemScale":{"X":4.0,"Y":1.0,"Z":4.0}},{"ItemId":6440,"PositionUp":{"X":0.0,"Y":0.700000763,"Z":-0.375},"PositionDown":{"X":0.0,"Y":-0.799999237,"Z":-0.375},"ItemPosition":{"X":4.0,"Y":-5.5,"Z":31.0},"ItemRotation":{"X":0.0,"Y":0.0,"Z":0.0},"ItemScale":{"X":4.0,"Y":1.0,"Z":4.0}},{"ItemId":6440,"PositionUp":{"X":0.125,"Y":0.700000763,"Z":-0.375},"PositionDown":{"X":0.125,"Y":-0.799999237,"Z":-0.375},"ItemPosition":{"X":4.0,"Y":-5.5,"Z":31.0},"ItemRotation":{"X":0.0,"Y":0.0,"Z":0.0},"ItemScale":{"X":4.0,"Y":1.0,"Z":4.0}},{"ItemId":6440,"PositionUp":{"X":0.25,"Y":0.700000763,"Z":-0.375},"PositionDown":{"X":0.25,"Y":-0.799999237,"Z":-0.375},"ItemPosition":{"X":4.0,"Y":-5.5,"Z":31.0},"ItemRotation":{"X":0.0,"Y":0.0,"Z":0.0},"ItemScale":{"X":4.0,"Y":1.0,"Z":4.0}},{"ItemId":6440,"PositionUp":{"X":0.375,"Y":0.700000763,"Z":-0.375},"PositionDown":{"X":0.375,"Y":-0.799999237,"Z":-0.375},"ItemPosition":{"X":4.0,"Y":-5.5,"Z":31.0},"ItemRotation":{"X":0.0,"Y":0.0,"Z":0.0},"ItemScale":{"X":4.0,"Y":1.0,"Z":4.0}},{"ItemId":6440,"PositionUp":{"X":0.5,"Y":0.700000763,"Z":-0.375},"PositionDown":{"X":0.5,"Y":-0.799999237,"Z":-0.375},"ItemPosition":{"X":4.0,"Y":-5.5,"Z":31.0},"ItemRotation":{"X":0.0,"Y":0.0,"Z":0.0},"ItemScale":{"X":4.0,"Y":1.0,"Z":4.0}},{"ItemId":6440,"PositionUp":{"X":-0.5,"Y":0.700000763,"Z":-0.25},"PositionDown":{"X":-0.5,"Y":-0.799999237,"Z":-0.25},"ItemPosition":{"X":4.0,"Y":-5.5,"Z":31.0},"ItemRotation":{"X":0.0,"Y":0.0,"Z":0.0},"ItemScale":{"X":4.0,"Y":1.0,"Z":4.0}},{"ItemId":6440,"PositionUp":{"X":-0.375,"Y":0.700000763,"Z":-0.25},"PositionDown":{"X":-0.375,"Y":-0.799999237,"Z":-0.25},"ItemPosition":{"X":4.0,"Y":-5.5,"Z":31.0},"ItemRotation":{"X":0.0,"Y":0.0,"Z":0.0},"ItemScale":{"X":4.0,"Y":1.0,"Z":4.0}},{"ItemId":6440,"PositionUp":{"X":-0.25,"Y":0.700000763,"Z":-0.25},"PositionDown":{"X":-0.25,"Y":-0.799999237,"Z":-0.25},"ItemPosition":{"X":4.0,"Y":-5.5,"Z":31.0},"ItemRotation":{"X":0.0,"Y":0.0,"Z":0.0},"ItemScale":{"X":4.0,"Y":1.0,"Z":4.0}},{"ItemId":6440,"PositionUp":{"X":-0.125,"Y":0.700000763,"Z":-0.25},"PositionDown":{"X":-0.125,"Y":-0.799999237,"Z":-0.25},"ItemPosition":{"X":4.0,"Y":-5.5,"Z":31.0},"ItemRotation":{"X":0.0,"Y":0.0,"Z":0.0},"ItemScale":{"X":4.0,"Y":1.0,"Z":4.0}},{"ItemId":6440,"PositionUp":{"X":0.0,"Y":0.700000763,"Z":-0.25},"PositionDown":{"X":0.0,"Y":-0.799999237,"Z":-0.25},"ItemPosition":{"X":4.0,"Y":-5.5,"Z":31.0},"ItemRotation":{"X":0.0,"Y":0.0,"Z":0.0},"ItemScale":{"X":4.0,"Y":1.0,"Z":4.0}},{"ItemId":6440,"PositionUp":{"X":0.125,"Y":0.700000763,"Z":-0.25},"PositionDown":{"X":0.125,"Y":-0.799999237,"Z":-0.25},"ItemPosition":{"X":4.0,"Y":-5.5,"Z":31.0},"ItemRotation":{"X":0.0,"Y":0.0,"Z":0.0},"ItemScale":{"X":4.0,"Y":1.0,"Z":4.0}},{"ItemId":6440,"PositionUp":{"X":0.25,"Y":0.700000763,"Z":-0.25},"PositionDown":{"X":0.25,"Y":-0.799999237,"Z":-0.25},"ItemPosition":{"X":4.0,"Y":-5.5,"Z":31.0},"ItemRotation":{"X":0.0,"Y":0.0,"Z":0.0},"ItemScale":{"X":4.0,"Y":1.0,"Z":4.0}},{"ItemId":6440,"PositionUp":{"X":0.375,"Y":0.700000763,"Z":-0.25},"PositionDown":{"X":0.375,"Y":-0.799999237,"Z":-0.25},"ItemPosition":{"X":4.0,"Y":-5.5,"Z":31.0},"ItemRotation":{"X":0.0,"Y":0.0,"Z":0.0},"ItemScale":{"X":4.0,"Y":1.0,"Z":4.0}},{"ItemId":6440,"PositionUp":{"X":0.5,"Y":0.700000763,"Z":-0.25},"PositionDown":{"X":0.5,"Y":-0.799999237,"Z":-0.25},"ItemPosition":{"X":4.0,"Y":-5.5,"Z":31.0},"ItemRotation":{"X":0.0,"Y":0.0,"Z":0.0},"ItemScale":{"X":4.0,"Y":1.0,"Z":4.0}},{"ItemId":6440,"PositionUp":{"X":-0.5,"Y":0.700000763,"Z":-0.125},"PositionDown":{"X":-0.5,"Y":-0.799999237,"Z":-0.125},"ItemPosition":{"X":4.0,"Y":-5.5,"Z":31.0},"ItemRotation":{"X":0.0,"Y":0.0,"Z":0.0},"ItemScale":{"X":4.0,"Y":1.0,"Z":4.0}},{"ItemId":6440,"PositionUp":{"X":-0.375,"Y":0.700000763,"Z":-0.125},"PositionDown":{"X":-0.375,"Y":-0.799999237,"Z":-0.125},"ItemPosition":{"X":4.0,"Y":-5.5,"Z":31.0},"ItemRotation":{"X":0.0,"Y":0.0,"Z":0.0},"ItemScale":{"X":4.0,"Y":1.0,"Z":4.0}},{"ItemId":6440,"PositionUp":{"X":-0.25,"Y":0.700000763,"Z":-0.125},"PositionDown":{"X":-0.25,"Y":-0.799999237,"Z":-0.125},"ItemPosition":{"X":4.0,"Y":-5.5,"Z":31.0},"ItemRotation":{"X":0.0,"Y":0.0,"Z":0.0},"ItemScale":{"X":4.0,"Y":1.0,"Z":4.0}},{"ItemId":6440,"PositionUp":{"X":-0.125,"Y":0.700000763,"Z":-0.125},"PositionDown":{"X":-0.125,"Y":-0.799999237,"Z":-0.125},"ItemPosition":{"X":4.0,"Y":-5.5,"Z":31.0},"ItemRotation":{"X":0.0,"Y":0.0,"Z":0.0},"ItemScale":{"X":4.0,"Y":1.0,"Z":4.0}},{"ItemId":6440,"PositionUp":{"X":0.0,"Y":0.700000763,"Z":-0.125},"PositionDown":{"X":0.0,"Y":-0.799999237,"Z":-0.125},"ItemPosition":{"X":4.0,"Y":-5.5,"Z":31.0},"ItemRotation":{"X":0.0,"Y":0.0,"Z":0.0},"ItemScale":{"X":4.0,"Y":1.0,"Z":4.0}},{"ItemId":6440,"PositionUp":{"X":0.125,"Y":0.700000763,"Z":-0.125},"PositionDown":{"X":0.125,"Y":-0.799999237,"Z":-0.125},"ItemPosition":{"X":4.0,"Y":-5.5,"Z":31.0},"ItemRotation":{"X":0.0,"Y":0.0,"Z":0.0},"ItemScale":{"X":4.0,"Y":1.0,"Z":4.0}},{"ItemId":6440,"PositionUp":{"X":0.25,"Y":0.700000763,"Z":-0.125},"PositionDown":{"X":0.25,"Y":-0.799999237,"Z":-0.125},"ItemPosition":{"X":4.0,"Y":-5.5,"Z":31.0},"ItemRotation":{"X":0.0,"Y":0.0,"Z":0.0},"ItemScale":{"X":4.0,"Y":1.0,"Z":4.0}},{"ItemId":6440,"PositionUp":{"X":0.375,"Y":0.700000763,"Z":-0.125},"PositionDown":{"X":0.375,"Y":-0.799999237,"Z":-0.125},"ItemPosition":{"X":4.0,"Y":-5.5,"Z":31.0},"ItemRotation":{"X":0.0,"Y":0.0,"Z":0.0},"ItemScale":{"X":4.0,"Y":1.0,"Z":4.0}},{"ItemId":6440,"PositionUp":{"X":0.5,"Y":0.700000763,"Z":-0.125},"PositionDown":{"X":0.5,"Y":-0.799999237,"Z":-0.125},"ItemPosition":{"X":4.0,"Y":-5.5,"Z":31.0},"ItemRotation":{"X":0.0,"Y":0.0,"Z":0.0},"ItemScale":{"X":4.0,"Y":1.0,"Z":4.0}},{"ItemId":6440,"PositionUp":{"X":-0.5,"Y":0.700000763,"Z":0.0},"PositionDown":{"X":-0.5,"Y":-0.799999237,"Z":0.0},"ItemPosition":{"X":4.0,"Y":-5.5,"Z":31.0},"ItemRotation":{"X":0.0,"Y":0.0,"Z":0.0},"ItemScale":{"X":4.0,"Y":1.0,"Z":4.0}},{"ItemId":6440,"PositionUp":{"X":-0.375,"Y":0.700000763,"Z":0.0},"PositionDown":{"X":-0.375,"Y":-0.799999237,"Z":0.0},"ItemPosition":{"X":4.0,"Y":-5.5,"Z":31.0},"ItemRotation":{"X":0.0,"Y":0.0,"Z":0.0},"ItemScale":{"X":4.0,"Y":1.0,"Z":4.0}},{"ItemId":6440,"PositionUp":{"X":-0.25,"Y":0.700000763,"Z":0.0},"PositionDown":{"X":-0.25,"Y":-0.799999237,"Z":0.0},"ItemPosition":{"X":4.0,"Y":-5.5,"Z":31.0},"ItemRotation":{"X":0.0,"Y":0.0,"Z":0.0},"ItemScale":{"X":4.0,"Y":1.0,"Z":4.0}},{"ItemId":6440,"PositionUp":{"X":-0.125,"Y":0.700000763,"Z":0.0},"PositionDown":{"X":-0.125,"Y":-0.799999237,"Z":0.0},"ItemPosition":{"X":4.0,"Y":-5.5,"Z":31.0},"ItemRotation":{"X":0.0,"Y":0.0,"Z":0.0},"ItemScale":{"X":4.0,"Y":1.0,"Z":4.0}},{"ItemId":6440,"PositionUp":{"X":0.0,"Y":0.700000763,"Z":0.0},"PositionDown":{"X":0.0,"Y":-0.799999237,"Z":0.0},"ItemPosition":{"X":4.0,"Y":-5.5,"Z":31.0},"ItemRotation":{"X":0.0,"Y":0.0,"Z":0.0},"ItemScale":{"X":4.0,"Y":1.0,"Z":4.0}},{"ItemId":6440,"PositionUp":{"X":0.125,"Y":0.700000763,"Z":0.0},"PositionDown":{"X":0.125,"Y":-0.799999237,"Z":0.0},"ItemPosition":{"X":4.0,"Y":-5.5,"Z":31.0},"ItemRotation":{"X":0.0,"Y":0.0,"Z":0.0},"ItemScale":{"X":4.0,"Y":1.0,"Z":4.0}},{"ItemId":6440,"PositionUp":{"X":0.25,"Y":0.700000763,"Z":0.0},"PositionDown":{"X":0.25,"Y":-0.799999237,"Z":0.0},"ItemPosition":{"X":4.0,"Y":-5.5,"Z":31.0},"ItemRotation":{"X":0.0,"Y":0.0,"Z":0.0},"ItemScale":{"X":4.0,"Y":1.0,"Z":4.0}},{"ItemId":6440,"PositionUp":{"X":0.375,"Y":0.700000763,"Z":0.0},"PositionDown":{"X":0.375,"Y":-0.799999237,"Z":0.0},"ItemPosition":{"X":4.0,"Y":-5.5,"Z":31.0},"ItemRotation":{"X":0.0,"Y":0.0,"Z":0.0},"ItemScale":{"X":4.0,"Y":1.0,"Z":4.0}},{"ItemId":6440,"PositionUp":{"X":0.5,"Y":0.700000763,"Z":0.0},"PositionDown":{"X":0.5,"Y":-0.799999237,"Z":0.0},"ItemPosition":{"X":4.0,"Y":-5.5,"Z":31.0},"ItemRotation":{"X":0.0,"Y":0.0,"Z":0.0},"ItemScale":{"X":4.0,"Y":1.0,"Z":4.0}},{"ItemId":6440,"PositionUp":{"X":-0.5,"Y":0.700000763,"Z":0.125},"PositionDown":{"X":-0.5,"Y":-0.799999237,"Z":0.125},"ItemPosition":{"X":4.0,"Y":-5.5,"Z":31.0},"ItemRotation":{"X":0.0,"Y":0.0,"Z":0.0},"ItemScale":{"X":4.0,"Y":1.0,"Z":4.0}},{"ItemId":6440,"PositionUp":{"X":-0.375,"Y":0.700000763,"Z":0.125},"PositionDown":{"X":-0.375,"Y":-0.799999237,"Z":0.125},"ItemPosition":{"X":4.0,"Y":-5.5,"Z":31.0},"ItemRotation":{"X":0.0,"Y":0.0,"Z":0.0},"ItemScale":{"X":4.0,"Y":1.0,"Z":4.0}},{"ItemId":6440,"PositionUp":{"X":-0.25,"Y":0.700000763,"Z":0.125},"PositionDown":{"X":-0.25,"Y":-0.799999237,"Z":0.125},"ItemPosition":{"X":4.0,"Y":-5.5,"Z":31.0},"ItemRotation":{"X":0.0,"Y":0.0,"Z":0.0},"ItemScale":{"X":4.0,"Y":1.0,"Z":4.0}},{"ItemId":6440,"PositionUp":{"X":-0.125,"Y":0.700000763,"Z":0.125},"PositionDown":{"X":-0.125,"Y":-0.799999237,"Z":0.125},"ItemPosition":{"X":4.0,"Y":-5.5,"Z":31.0},"ItemRotation":{"X":0.0,"Y":0.0,"Z":0.0},"ItemScale":{"X":4.0,"Y":1.0,"Z":4.0}},{"ItemId":6440,"PositionUp":{"X":0.0,"Y":0.700000763,"Z":0.125},"PositionDown":{"X":0.0,"Y":-0.799999237,"Z":0.125},"ItemPosition":{"X":4.0,"Y":-5.5,"Z":31.0},"ItemRotation":{"X":0.0,"Y":0.0,"Z":0.0},"ItemScale":{"X":4.0,"Y":1.0,"Z":4.0}},{"ItemId":6440,"PositionUp":{"X":0.125,"Y":0.700000763,"Z":0.125},"PositionDown":{"X":0.125,"Y":-0.799999237,"Z":0.125},"ItemPosition":{"X":4.0,"Y":-5.5,"Z":31.0},"ItemRotation":{"X":0.0,"Y":0.0,"Z":0.0},"ItemScale":{"X":4.0,"Y":1.0,"Z":4.0}},{"ItemId":6440,"PositionUp":{"X":0.25,"Y":0.700000763,"Z":0.125},"PositionDown":{"X":0.25,"Y":-0.799999237,"Z":0.125},"ItemPosition":{"X":4.0,"Y":-5.5,"Z":31.0},"ItemRotation":{"X":0.0,"Y":0.0,"Z":0.0},"ItemScale":{"X":4.0,"Y":1.0,"Z":4.0}},{"ItemId":6440,"PositionUp":{"X":0.375,"Y":0.700000763,"Z":0.125},"PositionDown":{"X":0.375,"Y":-0.799999237,"Z":0.125},"ItemPosition":{"X":4.0,"Y":-5.5,"Z":31.0},"ItemRotation":{"X":0.0,"Y":0.0,"Z":0.0},"ItemScale":{"X":4.0,"Y":1.0,"Z":4.0}},{"ItemId":6440,"PositionUp":{"X":0.5,"Y":0.700000763,"Z":0.125},"PositionDown":{"X":0.5,"Y":-0.799999237,"Z":0.125},"ItemPosition":{"X":4.0,"Y":-5.5,"Z":31.0},"ItemRotation":{"X":0.0,"Y":0.0,"Z":0.0},"ItemScale":{"X":4.0,"Y":1.0,"Z":4.0}},{"ItemId":6440,"PositionUp":{"X":-0.5,"Y":0.700000763,"Z":0.25},"PositionDown":{"X":-0.5,"Y":-0.799999237,"Z":0.25},"ItemPosition":{"X":4.0,"Y":-5.5,"Z":31.0},"ItemRotation":{"X":0.0,"Y":0.0,"Z":0.0},"ItemScale":{"X":4.0,"Y":1.0,"Z":4.0}},{"ItemId":6440,"PositionUp":{"X":-0.375,"Y":0.700000763,"Z":0.25},"PositionDown":{"X":-0.375,"Y":-0.799999237,"Z":0.25},"ItemPosition":{"X":4.0,"Y":-5.5,"Z":31.0},"ItemRotation":{"X":0.0,"Y":0.0,"Z":0.0},"ItemScale":{"X":4.0,"Y":1.0,"Z":4.0}},{"ItemId":6440,"PositionUp":{"X":-0.25,"Y":0.700000763,"Z":0.25},"PositionDown":{"X":-0.25,"Y":-0.799999237,"Z":0.25},"ItemPosition":{"X":4.0,"Y":-5.5,"Z":31.0},"ItemRotation":{"X":0.0,"Y":0.0,"Z":0.0},"ItemScale":{"X":4.0,"Y":1.0,"Z":4.0}},{"ItemId":6440,"PositionUp":{"X":-0.125,"Y":0.700000763,"Z":0.25},"PositionDown":{"X":-0.125,"Y":-0.799999237,"Z":0.25},"ItemPosition":{"X":4.0,"Y":-5.5,"Z":31.0},"ItemRotation":{"X":0.0,"Y":0.0,"Z":0.0},"ItemScale":{"X":4.0,"Y":1.0,"Z":4.0}},{"ItemId":6440,"PositionUp":{"X":0.0,"Y":0.700000763,"Z":0.25},"PositionDown":{"X":0.0,"Y":-0.799999237,"Z":0.25},"ItemPosition":{"X":4.0,"Y":-5.5,"Z":31.0},"ItemRotation":{"X":0.0,"Y":0.0,"Z":0.0},"ItemScale":{"X":4.0,"Y":1.0,"Z":4.0}},{"ItemId":6440,"PositionUp":{"X":0.125,"Y":0.700000763,"Z":0.25},"PositionDown":{"X":0.125,"Y":-0.799999237,"Z":0.25},"ItemPosition":{"X":4.0,"Y":-5.5,"Z":31.0},"ItemRotation":{"X":0.0,"Y":0.0,"Z":0.0},"ItemScale":{"X":4.0,"Y":1.0,"Z":4.0}},{"ItemId":6440,"PositionUp":{"X":0.25,"Y":0.700000763,"Z":0.25},"PositionDown":{"X":0.25,"Y":-0.799999237,"Z":0.25},"ItemPosition":{"X":4.0,"Y":-5.5,"Z":31.0},"ItemRotation":{"X":0.0,"Y":0.0,"Z":0.0},"ItemScale":{"X":4.0,"Y":1.0,"Z":4.0}},{"ItemId":6440,"PositionUp":{"X":0.375,"Y":0.700000763,"Z":0.25},"PositionDown":{"X":0.375,"Y":-0.799999237,"Z":0.25},"ItemPosition":{"X":4.0,"Y":-5.5,"Z":31.0},"ItemRotation":{"X":0.0,"Y":0.0,"Z":0.0},"ItemScale":{"X":4.0,"Y":1.0,"Z":4.0}},{"ItemId":6440,"PositionUp":{"X":0.5,"Y":0.700000763,"Z":0.25},"PositionDown":{"X":0.5,"Y":-0.799999237,"Z":0.25},"ItemPosition":{"X":4.0,"Y":-5.5,"Z":31.0},"ItemRotation":{"X":0.0,"Y":0.0,"Z":0.0},"ItemScale":{"X":4.0,"Y":1.0,"Z":4.0}},{"ItemId":6440,"PositionUp":{"X":-0.5,"Y":0.700000763,"Z":0.375},"PositionDown":{"X":-0.5,"Y":-0.799999237,"Z":0.375},"ItemPosition":{"X":4.0,"Y":-5.5,"Z":31.0},"ItemRotation":{"X":0.0,"Y":0.0,"Z":0.0},"ItemScale":{"X":4.0,"Y":1.0,"Z":4.0}},{"ItemId":6440,"PositionUp":{"X":-0.375,"Y":0.700000763,"Z":0.375},"PositionDown":{"X":-0.375,"Y":-0.799999237,"Z":0.375},"ItemPosition":{"X":4.0,"Y":-5.5,"Z":31.0},"ItemRotation":{"X":0.0,"Y":0.0,"Z":0.0},"ItemScale":{"X":4.0,"Y":1.0,"Z":4.0}},{"ItemId":6440,"PositionUp":{"X":-0.25,"Y":0.700000763,"Z":0.375},"PositionDown":{"X":-0.25,"Y":-0.799999237,"Z":0.375},"ItemPosition":{"X":4.0,"Y":-5.5,"Z":31.0},"ItemRotation":{"X":0.0,"Y":0.0,"Z":0.0},"ItemScale":{"X":4.0,"Y":1.0,"Z":4.0}},{"ItemId":6440,"PositionUp":{"X":-0.125,"Y":0.700000763,"Z":0.375},"PositionDown":{"X":-0.125,"Y":-0.799999237,"Z":0.375},"ItemPosition":{"X":4.0,"Y":-5.5,"Z":31.0},"ItemRotation":{"X":0.0,"Y":0.0,"Z":0.0},"ItemScale":{"X":4.0,"Y":1.0,"Z":4.0}},{"ItemId":6440,"PositionUp":{"X":0.0,"Y":0.700000763,"Z":0.375},"PositionDown":{"X":0.0,"Y":-0.799999237,"Z":0.375},"ItemPosition":{"X":4.0,"Y":-5.5,"Z":31.0},"ItemRotation":{"X":0.0,"Y":0.0,"Z":0.0},"ItemScale":{"X":4.0,"Y":1.0,"Z":4.0}},{"ItemId":6440,"PositionUp":{"X":0.125,"Y":0.700000763,"Z":0.375},"PositionDown":{"X":0.125,"Y":-0.799999237,"Z":0.375},"ItemPosition":{"X":4.0,"Y":-5.5,"Z":31.0},"ItemRotation":{"X":0.0,"Y":0.0,"Z":0.0},"ItemScale":{"X":4.0,"Y":1.0,"Z":4.0}},{"ItemId":6440,"PositionUp":{"X":0.25,"Y":0.700000763,"Z":0.375},"PositionDown":{"X":0.25,"Y":-0.799999237,"Z":0.375},"ItemPosition":{"X":4.0,"Y":-5.5,"Z":31.0},"ItemRotation":{"X":0.0,"Y":0.0,"Z":0.0},"ItemScale":{"X":4.0,"Y":1.0,"Z":4.0}},{"ItemId":6440,"PositionUp":{"X":0.375,"Y":0.700000763,"Z":0.375},"PositionDown":{"X":0.375,"Y":-0.799999237,"Z":0.375},"ItemPosition":{"X":4.0,"Y":-5.5,"Z":31.0},"ItemRotation":{"X":0.0,"Y":0.0,"Z":0.0},"ItemScale":{"X":4.0,"Y":1.0,"Z":4.0}},{"ItemId":6440,"PositionUp":{"X":0.5,"Y":0.700000763,"Z":0.375},"PositionDown":{"X":0.5,"Y":-0.799999237,"Z":0.375},"ItemPosition":{"X":4.0,"Y":-5.5,"Z":31.0},"ItemRotation":{"X":0.0,"Y":0.0,"Z":0.0},"ItemScale":{"X":4.0,"Y":1.0,"Z":4.0}},{"ItemId":6440,"PositionUp":{"X":-0.5,"Y":0.700000763,"Z":0.5},"PositionDown":{"X":-0.5,"Y":-0.799999237,"Z":0.5},"ItemPosition":{"X":4.0,"Y":-5.5,"Z":31.0},"ItemRotation":{"X":0.0,"Y":0.0,"Z":0.0},"ItemScale":{"X":4.0,"Y":1.0,"Z":4.0}},{"ItemId":6440,"PositionUp":{"X":-0.375,"Y":0.700000763,"Z":0.5},"PositionDown":{"X":-0.375,"Y":-0.799999237,"Z":0.5},"ItemPosition":{"X":4.0,"Y":-5.5,"Z":31.0},"ItemRotation":{"X":0.0,"Y":0.0,"Z":0.0},"ItemScale":{"X":4.0,"Y":1.0,"Z":4.0}},{"ItemId":6440,"PositionUp":{"X":-0.25,"Y":0.700000763,"Z":0.5},"PositionDown":{"X":-0.25,"Y":-0.799999237,"Z":0.5},"ItemPosition":{"X":4.0,"Y":-5.5,"Z":31.0},"ItemRotation":{"X":0.0,"Y":0.0,"Z":0.0},"ItemScale":{"X":4.0,"Y":1.0,"Z":4.0}},{"ItemId":6440,"PositionUp":{"X":-0.125,"Y":0.700000763,"Z":0.5},"PositionDown":{"X":-0.125,"Y":-0.799999237,"Z":0.5},"ItemPosition":{"X":4.0,"Y":-5.5,"Z":31.0},"ItemRotation":{"X":0.0,"Y":0.0,"Z":0.0},"ItemScale":{"X":4.0,"Y":1.0,"Z":4.0}},{"ItemId":6440,"PositionUp":{"X":0.0,"Y":0.700000763,"Z":0.5},"PositionDown":{"X":0.0,"Y":-0.799999237,"Z":0.5},"ItemPosition":{"X":4.0,"Y":-5.5,"Z":31.0},"ItemRotation":{"X":0.0,"Y":0.0,"Z":0.0},"ItemScale":{"X":4.0,"Y":1.0,"Z":4.0}},{"ItemId":6440,"PositionUp":{"X":0.125,"Y":0.700000763,"Z":0.5},"PositionDown":{"X":0.125,"Y":-0.799999237,"Z":0.5},"ItemPosition":{"X":4.0,"Y":-5.5,"Z":31.0},"ItemRotation":{"X":0.0,"Y":0.0,"Z":0.0},"ItemScale":{"X":4.0,"Y":1.0,"Z":4.0}},{"ItemId":6440,"PositionUp":{"X":0.25,"Y":0.700000763,"Z":0.5},"PositionDown":{"X":0.25,"Y":-0.799999237,"Z":0.5},"ItemPosition":{"X":4.0,"Y":-5.5,"Z":31.0},"ItemRotation":{"X":0.0,"Y":0.0,"Z":0.0},"ItemScale":{"X":4.0,"Y":1.0,"Z":4.0}},{"ItemId":6440,"PositionUp":{"X":0.375,"Y":0.700000763,"Z":0.5},"PositionDown":{"X":0.375,"Y":-0.799999237,"Z":0.5},"ItemPosition":{"X":4.0,"Y":-5.5,"Z":31.0},"ItemRotation":{"X":0.0,"Y":0.0,"Z":0.0},"ItemScale":{"X":4.0,"Y":1.0,"Z":4.0}},{"ItemId":6440,"PositionUp":{"X":0.5,"Y":0.700000763,"Z":0.5},"PositionDown":{"X":0.5,"Y":-0.799999237,"Z":0.5},"ItemPosition":{"X":4.0,"Y":-5.5,"Z":31.0},"ItemRotation":{"X":0.0,"Y":0.0,"Z":0.0},"ItemScale":{"X":4.0,"Y":1.0,"Z":4.0}}]}]