[
  {
    "ItemTemplateId": 1,
    "ItemFuncType": 1,
    "Description": "炮弹",
    "SourceEntityId": [6, 608994432],
    "WayPointGroups": [
      {
        "ItemId": 43,
        "PositionUp": { "X": 0.00752443355, "Y": 0.110815391, "Z": -0.633827 },
        "PositionDown": {
          "X": 0.009406681,
          "Y": -0.476588577,
          "Z": -0.6026016
        },
        "ItemPosition": { "X": 58.70125, "Y": -4.345276, "Z": 3.42262268 },
        "ItemRotation": { "X": 3.042863, "Y": 17.1339779, "Z": 359.8164 },
        "ItemScale": { "X": 1.699997, "Y": 1.699997, "Z": 1.699997 }
      },
      {
        "ItemId": 43,
        "PositionUp": { "X": 0.288573, "Y": 0.1163156, "Z": -0.547299862 },
        "PositionDown": { "X": 0.290455252, "Y": -0.47108835, "Z": -0.5160745 },
        "ItemPosition": { "X": 58.70125, "Y": -4.345276, "Z": 3.42262268 },
        "ItemRotation": { "X": 3.042863, "Y": 17.1339779, "Z": 359.8164 },
        "ItemScale": { "X": 1.699997, "Y": 1.699997, "Z": 1.699997 }
      },
      {
        "ItemId": 43,
        "PositionUp": { "X": -0.36022082, "Y": 0.119957224, "Z": -0.439685583 },
        "PositionDown": {
          "X": -0.358338565,
          "Y": -0.467446744,
          "Z": -0.40846023
        },
        "ItemPosition": { "X": 58.70125, "Y": -4.345276, "Z": 3.42262268 },
        "ItemRotation": { "X": 3.042863, "Y": 17.1339779, "Z": 359.8164 },
        "ItemScale": { "X": 1.699997, "Y": 1.699997, "Z": 1.699997 }
      },
      {
        "ItemId": 43,
        "PositionUp": { "X": -0.08011334, "Y": 0.419159383, "Z": -0.368771166 },
        "PositionDown": {
          "X": -0.07634885,
          "Y": -0.7556485,
          "Z": -0.306320429
        },
        "ItemPosition": { "X": 58.70125, "Y": -4.345276, "Z": 3.42262268 },
        "ItemRotation": { "X": 3.042863, "Y": 17.1339779, "Z": 359.8164 },
        "ItemScale": { "X": 1.699997, "Y": 1.699997, "Z": 1.699997 }
      },
      {
        "ItemId": 43,
        "PositionUp": { "X": 0.200935215, "Y": 0.4246596, "Z": -0.282244027 },
        "PositionDown": { "X": 0.20469971, "Y": -0.7501483, "Z": -0.2197933 },
        "ItemPosition": { "X": 58.70125, "Y": -4.345276, "Z": 3.42262268 },
        "ItemRotation": { "X": 3.042863, "Y": 17.1339779, "Z": 359.8164 },
        "ItemScale": { "X": 1.699997, "Y": 1.699997, "Z": 1.699997 }
      },
      {
        "ItemId": 43,
        "PositionUp": { "X": 0.4829249, "Y": 0.136457846, "Z": -0.180104241 },
        "PositionDown": {
          "X": 0.484807163,
          "Y": -0.450946152,
          "Z": -0.148878887
        },
        "ItemPosition": { "X": 58.70125, "Y": -4.345276, "Z": 3.42262268 },
        "ItemRotation": { "X": 3.042863, "Y": 17.1339779, "Z": 359.8164 },
        "ItemScale": { "X": 1.699997, "Y": 1.699997, "Z": 1.699997 }
      },
      {
        "ItemId": 43,
        "PositionUp": { "X": -0.447858542, "Y": 0.428301245, "Z": -0.1746298 },
        "PositionDown": {
          "X": -0.445035219,
          "Y": -0.452804685,
          "Z": -0.127791747
        },
        "ItemPosition": { "X": 58.70125, "Y": -4.345276, "Z": 3.42262268 },
        "ItemRotation": { "X": 3.042863, "Y": 17.1339779, "Z": 359.8164 },
        "ItemScale": { "X": 1.699997, "Y": 1.699997, "Z": 1.699997 }
      },
      {
        "ItemId": 43,
        "PositionUp": { "X": -0.166809976, "Y": 0.433801442, "Z": -0.08810267 },
        "PositionDown": {
          "X": -0.163045481,
          "Y": -0.741006434,
          "Z": -0.0256519467
        },
        "ItemPosition": { "X": 58.70125, "Y": -4.345276, "Z": 3.42262268 },
        "ItemRotation": { "X": 3.042863, "Y": 17.1339779, "Z": 359.8164 },
        "ItemScale": { "X": 1.699997, "Y": 1.699997, "Z": 1.699997 }
      },
      {
        "ItemId": 43,
        "PositionUp": { "X": 0.11423859, "Y": 0.43930167, "Z": -0.00157554424 },
        "PositionDown": { "X": 0.11800307, "Y": -0.7355063, "Z": 0.0608751737 },
        "ItemPosition": { "X": 58.70125, "Y": -4.345276, "Z": 3.42262268 },
        "ItemRotation": { "X": 3.042863, "Y": 17.1339779, "Z": 359.8164 },
        "ItemScale": { "X": 1.699997, "Y": 1.699997, "Z": 1.699997 }
      },
      {
        "ItemId": 43,
        "PositionUp": { "X": 0.395287156, "Y": 0.444801837, "Z": 0.08495158 },
        "PositionDown": { "X": 0.399051636, "Y": -0.7300061, "Z": 0.1474023 },
        "ItemPosition": { "X": 58.70125, "Y": -4.345276, "Z": 3.42262268 },
        "ItemRotation": { "X": 3.042863, "Y": 17.1339779, "Z": 359.8164 },
        "ItemScale": { "X": 1.699997, "Y": 1.699997, "Z": 1.699997 }
      },
      {
        "ItemId": 43,
        "PositionUp": { "X": -0.5336141, "Y": 0.1492413, "Z": 0.121651381 },
        "PositionDown": {
          "X": -0.531731844,
          "Y": -0.438162655,
          "Z": 0.152876735
        },
        "ItemPosition": { "X": 58.70125, "Y": -4.345276, "Z": 3.42262268 },
        "ItemRotation": { "X": 3.042863, "Y": 17.1339779, "Z": 359.8164 },
        "ItemScale": { "X": 1.699997, "Y": 1.699997, "Z": 1.699997 }
      },
      {
        "ItemId": 43,
        "PositionUp": { "X": -0.2535066, "Y": 0.4484435, "Z": 0.1925658 },
        "PositionDown": {
          "X": -0.249742135,
          "Y": -0.726364434,
          "Z": 0.255016536
        },
        "ItemPosition": { "X": 58.70125, "Y": -4.345276, "Z": 3.42262268 },
        "ItemRotation": { "X": 3.042863, "Y": 17.1339779, "Z": 359.8164 },
        "ItemScale": { "X": 1.699997, "Y": 1.699997, "Z": 1.699997 }
      },
      {
        "ItemId": 43,
        "PositionUp": { "X": 0.0275419429, "Y": 0.4539437, "Z": 0.279092938 },
        "PositionDown": {
          "X": 0.03130643,
          "Y": -0.720864236,
          "Z": 0.341543645
        },
        "ItemPosition": { "X": 58.70125, "Y": -4.345276, "Z": 3.42262268 },
        "ItemRotation": { "X": 3.042863, "Y": 17.1339779, "Z": 359.8164 },
        "ItemScale": { "X": 1.699997, "Y": 1.699997, "Z": 1.699997 }
      },
      {
        "ItemId": 43,
        "PositionUp": { "X": 0.309531629, "Y": 0.1657419, "Z": 0.3812327 },
        "PositionDown": { "X": 0.311413854, "Y": -0.421662062, "Z": 0.4124581 },
        "ItemPosition": { "X": 58.70125, "Y": -4.345276, "Z": 3.42262268 },
        "ItemRotation": { "X": 3.042863, "Y": 17.1339779, "Z": 359.8164 },
        "ItemScale": { "X": 1.699997, "Y": 1.699997, "Z": 1.699997 }
      },
      {
        "ItemId": 43,
        "PositionUp": { "X": -0.339262128, "Y": 0.169383541, "Z": 0.488847 },
        "PositionDown": {
          "X": -0.3373799,
          "Y": -0.418020457,
          "Z": 0.520072341
        },
        "ItemPosition": { "X": 58.70125, "Y": -4.345276, "Z": 3.42262268 },
        "ItemRotation": { "X": 3.042863, "Y": 17.1339779, "Z": 359.8164 },
        "ItemScale": { "X": 1.699997, "Y": 1.699997, "Z": 1.699997 }
      },
      {
        "ItemId": 43,
        "PositionUp": {
          "X": -0.0582135767,
          "Y": 0.174883753,
          "Z": 0.575374067
        },
        "PositionDown": { "X": -0.05633133, "Y": -0.4125202, "Z": 0.60659945 },
        "ItemPosition": { "X": 58.70125, "Y": -4.345276, "Z": 3.42262268 },
        "ItemRotation": { "X": 3.042863, "Y": 17.1339779, "Z": 359.8164 },
        "ItemScale": { "X": 1.699997, "Y": 1.699997, "Z": 1.699997 }
      }
    ]
  }
]
