[
    {
        "ItemTemplateId": 1,
        "Description": "飞行器",
        "ItemFuncType": 1,
        "SourceEntityId": [
            59,
            276
        ],
        "WayPointGroups": [
            {
                "ItemId": 2143,
                "PositionUp": {
                    "X": -0.457184136,
                    "Y": 0.430480152,
                    "Z": -0.5654581
                },
                "PositionDown": {
                    "X": -0.457184136,
                    "Y": -1.15386724,
                    "Z": -0.5654581
                },
                "ItemPosition": {
                    "X": -3.32421875,
                    "Y": 0.592437744,
                    "Z": -40.3753052
                },
                "ItemRotation": {
                    "X": 0.0,
                    "Y": 0.124147363,
                    "Z": 0.0
                },
                "ItemScale": {
                    "X": 1.475174,
                    "Y": 0.9467621,
                    "Z": 1.10734558
                }
            },
            {
                "ItemId": 2143,
                "PositionUp": {
                    "X": -0.118241824,
                    "Y": 0.430480152,
                    "Z": -0.564479768
                },
                "PositionDown": {
                    "X": -0.118241824,
                    "Y": -1.15386724,
                    "Z": -0.564479768
                },
                "ItemPosition": {
                    "X": -3.32421875,
                    "Y": 0.592437744,
                    "Z": -40.3753052
                },
                "ItemRotation": {
                    "X": 0.0,
                    "Y": 0.124147363,
                    "Z": 0.0
                },
                "ItemScale": {
                    "X": 1.475174,
                    "Y": 0.9467621,
                    "Z": 1.10734558
                }
            },
            {
                "ItemId": 2143,
                "PositionUp": {
                    "X": 0.220700443,
                    "Y": 0.430480152,
                    "Z": -0.5635014
                },
                "PositionDown": {
                    "X": 0.220700443,
                    "Y": -1.15386724,
                    "Z": -0.5635014
                },
                "ItemPosition": {
                    "X": -3.32421875,
                    "Y": 0.592437744,
                    "Z": -40.3753052
                },
                "ItemRotation": {
                    "X": 0.0,
                    "Y": 0.124147363,
                    "Z": 0.0
                },
                "ItemScale": {
                    "X": 1.475174,
                    "Y": 0.9467621,
                    "Z": 1.10734558
                }
            },
            {
                "ItemId": 2143,
                "PositionUp": {
                    "X": 0.5596428,
                    "Y": 0.430480152,
                    "Z": -0.562523067
                },
                "PositionDown": {
                    "X": 0.5596428,
                    "Y": -1.15386724,
                    "Z": -0.562523067
                },
                "ItemPosition": {
                    "X": -3.32421875,
                    "Y": 0.592437744,
                    "Z": -40.3753052
                },
                "ItemRotation": {
                    "X": 0.0,
                    "Y": 0.124147363,
                    "Z": 0.0
                },
                "ItemScale": {
                    "X": 1.475174,
                    "Y": 0.9467621,
                    "Z": 1.10734558
                }
            },
            {
                "ItemId": 2143,
                "PositionUp": {
                    "X": -0.457918525,
                    "Y": 0.430480152,
                    "Z": -0.113929011
                },
                "PositionDown": {
                    "X": -0.457918525,
                    "Y": -1.15386724,
                    "Z": -0.113929011
                },
                "ItemPosition": {
                    "X": -3.32421875,
                    "Y": 0.592437744,
                    "Z": -40.3753052
                },
                "ItemRotation": {
                    "X": 0.0,
                    "Y": 0.124147363,
                    "Z": 0.0
                },
                "ItemScale": {
                    "X": 1.475174,
                    "Y": 0.9467621,
                    "Z": 1.10734558
                }
            },
            {
                "ItemId": 2143,
                "PositionUp": {
                    "X": -0.118976243,
                    "Y": 0.430480152,
                    "Z": -0.112950645
                },
                "PositionDown": {
                    "X": -0.118976243,
                    "Y": -1.15386724,
                    "Z": -0.112950645
                },
                "ItemPosition": {
                    "X": -3.32421875,
                    "Y": 0.592437744,
                    "Z": -40.3753052
                },
                "ItemRotation": {
                    "X": 0.0,
                    "Y": 0.124147363,
                    "Z": 0.0
                },
                "ItemScale": {
                    "X": 1.475174,
                    "Y": 0.9467621,
                    "Z": 1.10734558
                }
            },
            {
                "ItemId": 2143,
                "PositionUp": {
                    "X": 0.219966039,
                    "Y": 0.430480152,
                    "Z": -0.111972295
                },
                "PositionDown": {
                    "X": 0.219966039,
                    "Y": -1.15386724,
                    "Z": -0.111972295
                },
                "ItemPosition": {
                    "X": -3.32421875,
                    "Y": 0.592437744,
                    "Z": -40.3753052
                },
                "ItemRotation": {
                    "X": 0.0,
                    "Y": 0.124147363,
                    "Z": 0.0
                },
                "ItemScale": {
                    "X": 1.475174,
                    "Y": 0.9467621,
                    "Z": 1.10734558
                }
            },
            {
                "ItemId": 2143,
                "PositionUp": {
                    "X": 0.558908343,
                    "Y": 0.430480152,
                    "Z": -0.110993929
                },
                "PositionDown": {
                    "X": 0.558908343,
                    "Y": -1.15386724,
                    "Z": -0.110993929
                },
                "ItemPosition": {
                    "X": -3.32421875,
                    "Y": 0.592437744,
                    "Z": -40.3753052
                },
                "ItemRotation": {
                    "X": 0.0,
                    "Y": 0.124147363,
                    "Z": 0.0
                },
                "ItemScale": {
                    "X": 1.475174,
                    "Y": 0.9467621,
                    "Z": 1.10734558
                }
            },
            {
                "ItemId": 2143,
                "PositionUp": {
                    "X": -0.458652943,
                    "Y": 0.430480152,
                    "Z": 0.3376001
                },
                "PositionDown": {
                    "X": -0.458652943,
                    "Y": -1.15386724,
                    "Z": 0.3376001
                },
                "ItemPosition": {
                    "X": -3.32421875,
                    "Y": 0.592437744,
                    "Z": -40.3753052
                },
                "ItemRotation": {
                    "X": 0.0,
                    "Y": 0.124147363,
                    "Z": 0.0
                },
                "ItemScale": {
                    "X": 1.475174,
                    "Y": 0.9467621,
                    "Z": 1.10734558
                }
            },
            {
                "ItemId": 2143,
                "PositionUp": {
                    "X": -0.119710654,
                    "Y": 0.430480152,
                    "Z": 0.3385785
                },
                "PositionDown": {
                    "X": -0.119710654,
                    "Y": -1.15386724,
                    "Z": 0.3385785
                },
                "ItemPosition": {
                    "X": -3.32421875,
                    "Y": 0.592437744,
                    "Z": -40.3753052
                },
                "ItemRotation": {
                    "X": 0.0,
                    "Y": 0.124147363,
                    "Z": 0.0
                },
                "ItemScale": {
                    "X": 1.475174,
                    "Y": 0.9467621,
                    "Z": 1.10734558
                }
            },
            {
                "ItemId": 2143,
                "PositionUp": {
                    "X": 0.21923162,
                    "Y": 0.430480152,
                    "Z": 0.339556843
                },
                "PositionDown": {
                    "X": 0.21923162,
                    "Y": -1.15386724,
                    "Z": 0.339556843
                },
                "ItemPosition": {
                    "X": -3.32421875,
                    "Y": 0.592437744,
                    "Z": -40.3753052
                },
                "ItemRotation": {
                    "X": 0.0,
                    "Y": 0.124147363,
                    "Z": 0.0
                },
                "ItemScale": {
                    "X": 1.475174,
                    "Y": 0.9467621,
                    "Z": 1.10734558
                }
            },
            {
                "ItemId": 2143,
                "PositionUp": {
                    "X": 0.558173954,
                    "Y": 0.430480152,
                    "Z": 0.340535223
                },
                "PositionDown": {
                    "X": 0.558173954,
                    "Y": -1.15386724,
                    "Z": 0.340535223
                },
                "ItemPosition": {
                    "X": -3.32421875,
                    "Y": 0.592437744,
                    "Z": -40.3753052
                },
                "ItemRotation": {
                    "X": 0.0,
                    "Y": 0.124147363,
                    "Z": 0.0
                },
                "ItemScale": {
                    "X": 1.475174,
                    "Y": 0.9467621,
                    "Z": 1.10734558
                }
            }
        ]
    },
    {
        "ItemTemplateId": 2,
        "Description": "炮弹",
        "ItemFuncType": 1,
        "SourceEntityId": [
            1077
        ],
        "WayPointGroups": [
            {
                "ItemId": 2143,
                "PositionUp": {
                    "X": -0.457184136,
                    "Y": 0.430480152,
                    "Z": -0.5654581
                },
                "PositionDown": {
                    "X": -0.457184136,
                    "Y": -1.15386724,
                    "Z": -0.5654581
                },
                "ItemPosition": {
                    "X": -3.32421875,
                    "Y": 0.592437744,
                    "Z": -40.3753052
                },
                "ItemRotation": {
                    "X": 0.0,
                    "Y": 0.124147363,
                    "Z": 0.0
                },
                "ItemScale": {
                    "X": 1.475174,
                    "Y": 0.9467621,
                    "Z": 1.10734558
                }
            },
            {
                "ItemId": 2143,
                "PositionUp": {
                    "X": -0.118241824,
                    "Y": 0.430480152,
                    "Z": -0.564479768
                },
                "PositionDown": {
                    "X": -0.118241824,
                    "Y": -1.15386724,
                    "Z": -0.564479768
                },
                "ItemPosition": {
                    "X": -3.32421875,
                    "Y": 0.592437744,
                    "Z": -40.3753052
                },
                "ItemRotation": {
                    "X": 0.0,
                    "Y": 0.124147363,
                    "Z": 0.0
                },
                "ItemScale": {
                    "X": 1.475174,
                    "Y": 0.9467621,
                    "Z": 1.10734558
                }
            },
            {
                "ItemId": 2143,
                "PositionUp": {
                    "X": 0.220700443,
                    "Y": 0.430480152,
                    "Z": -0.5635014
                },
                "PositionDown": {
                    "X": 0.220700443,
                    "Y": -1.15386724,
                    "Z": -0.5635014
                },
                "ItemPosition": {
                    "X": -3.32421875,
                    "Y": 0.592437744,
                    "Z": -40.3753052
                },
                "ItemRotation": {
                    "X": 0.0,
                    "Y": 0.124147363,
                    "Z": 0.0
                },
                "ItemScale": {
                    "X": 1.475174,
                    "Y": 0.9467621,
                    "Z": 1.10734558
                }
            },
            {
                "ItemId": 2143,
                "PositionUp": {
                    "X": 0.5596428,
                    "Y": 0.430480152,
                    "Z": -0.562523067
                },
                "PositionDown": {
                    "X": 0.5596428,
                    "Y": -1.15386724,
                    "Z": -0.562523067
                },
                "ItemPosition": {
                    "X": -3.32421875,
                    "Y": 0.592437744,
                    "Z": -40.3753052
                },
                "ItemRotation": {
                    "X": 0.0,
                    "Y": 0.124147363,
                    "Z": 0.0
                },
                "ItemScale": {
                    "X": 1.475174,
                    "Y": 0.9467621,
                    "Z": 1.10734558
                }
            },
            {
                "ItemId": 2143,
                "PositionUp": {
                    "X": -0.457918525,
                    "Y": 0.430480152,
                    "Z": -0.113929011
                },
                "PositionDown": {
                    "X": -0.457918525,
                    "Y": -1.15386724,
                    "Z": -0.113929011
                },
                "ItemPosition": {
                    "X": -3.32421875,
                    "Y": 0.592437744,
                    "Z": -40.3753052
                },
                "ItemRotation": {
                    "X": 0.0,
                    "Y": 0.124147363,
                    "Z": 0.0
                },
                "ItemScale": {
                    "X": 1.475174,
                    "Y": 0.9467621,
                    "Z": 1.10734558
                }
            },
            {
                "ItemId": 2143,
                "PositionUp": {
                    "X": -0.118976243,
                    "Y": 0.430480152,
                    "Z": -0.112950645
                },
                "PositionDown": {
                    "X": -0.118976243,
                    "Y": -1.15386724,
                    "Z": -0.112950645
                },
                "ItemPosition": {
                    "X": -3.32421875,
                    "Y": 0.592437744,
                    "Z": -40.3753052
                },
                "ItemRotation": {
                    "X": 0.0,
                    "Y": 0.124147363,
                    "Z": 0.0
                },
                "ItemScale": {
                    "X": 1.475174,
                    "Y": 0.9467621,
                    "Z": 1.10734558
                }
            },
            {
                "ItemId": 2143,
                "PositionUp": {
                    "X": 0.219966039,
                    "Y": 0.430480152,
                    "Z": -0.111972295
                },
                "PositionDown": {
                    "X": 0.219966039,
                    "Y": -1.15386724,
                    "Z": -0.111972295
                },
                "ItemPosition": {
                    "X": -3.32421875,
                    "Y": 0.592437744,
                    "Z": -40.3753052
                },
                "ItemRotation": {
                    "X": 0.0,
                    "Y": 0.124147363,
                    "Z": 0.0
                },
                "ItemScale": {
                    "X": 1.475174,
                    "Y": 0.9467621,
                    "Z": 1.10734558
                }
            },
            {
                "ItemId": 2143,
                "PositionUp": {
                    "X": 0.558908343,
                    "Y": 0.430480152,
                    "Z": -0.110993929
                },
                "PositionDown": {
                    "X": 0.558908343,
                    "Y": -1.15386724,
                    "Z": -0.110993929
                },
                "ItemPosition": {
                    "X": -3.32421875,
                    "Y": 0.592437744,
                    "Z": -40.3753052
                },
                "ItemRotation": {
                    "X": 0.0,
                    "Y": 0.124147363,
                    "Z": 0.0
                },
                "ItemScale": {
                    "X": 1.475174,
                    "Y": 0.9467621,
                    "Z": 1.10734558
                }
            },
            {
                "ItemId": 2143,
                "PositionUp": {
                    "X": -0.458652943,
                    "Y": 0.430480152,
                    "Z": 0.3376001
                },
                "PositionDown": {
                    "X": -0.458652943,
                    "Y": -1.15386724,
                    "Z": 0.3376001
                },
                "ItemPosition": {
                    "X": -3.32421875,
                    "Y": 0.592437744,
                    "Z": -40.3753052
                },
                "ItemRotation": {
                    "X": 0.0,
                    "Y": 0.124147363,
                    "Z": 0.0
                },
                "ItemScale": {
                    "X": 1.475174,
                    "Y": 0.9467621,
                    "Z": 1.10734558
                }
            },
            {
                "ItemId": 2143,
                "PositionUp": {
                    "X": -0.119710654,
                    "Y": 0.430480152,
                    "Z": 0.3385785
                },
                "PositionDown": {
                    "X": -0.119710654,
                    "Y": -1.15386724,
                    "Z": 0.3385785
                },
                "ItemPosition": {
                    "X": -3.32421875,
                    "Y": 0.592437744,
                    "Z": -40.3753052
                },
                "ItemRotation": {
                    "X": 0.0,
                    "Y": 0.124147363,
                    "Z": 0.0
                },
                "ItemScale": {
                    "X": 1.475174,
                    "Y": 0.9467621,
                    "Z": 1.10734558
                }
            },
            {
                "ItemId": 2143,
                "PositionUp": {
                    "X": 0.21923162,
                    "Y": 0.430480152,
                    "Z": 0.339556843
                },
                "PositionDown": {
                    "X": 0.21923162,
                    "Y": -1.15386724,
                    "Z": 0.339556843
                },
                "ItemPosition": {
                    "X": -3.32421875,
                    "Y": 0.592437744,
                    "Z": -40.3753052
                },
                "ItemRotation": {
                    "X": 0.0,
                    "Y": 0.124147363,
                    "Z": 0.0
                },
                "ItemScale": {
                    "X": 1.475174,
                    "Y": 0.9467621,
                    "Z": 1.10734558
                }
            },
            {
                "ItemId": 2143,
                "PositionUp": {
                    "X": 0.558173954,
                    "Y": 0.430480152,
                    "Z": 0.340535223
                },
                "PositionDown": {
                    "X": 0.558173954,
                    "Y": -1.15386724,
                    "Z": 0.340535223
                },
                "ItemPosition": {
                    "X": -3.32421875,
                    "Y": 0.592437744,
                    "Z": -40.3753052
                },
                "ItemRotation": {
                    "X": 0.0,
                    "Y": 0.124147363,
                    "Z": 0.0
                },
                "ItemScale": {
                    "X": 1.475174,
                    "Y": 0.9467621,
                    "Z": 1.10734558
                }
            }
        ]
    }
]