[
    {
        "ItemTemplateId": 1,
        "Description": "炮弹",
        "ItemFuncType": 1,
        "SourceEntityId": [
            993
        ],
        "WayPointGroups": [
            {
                "ItemId": 1084,
                "PositionUp": {
                    "X": 0.00156062841,
                    "Y": 0.499677122,
                    "Z": 0.211066663
                },
                "PositionDown": {
                    "X": -0.25064975,
                    "Y": 0.534441,
                    "Z": -0.494404227
                },
                "ItemPosition": {
                    "X": -9.296417,
                    "Y": -0.4317932,
                    "Z": -108.456467
                },
                "ItemRotation": {
                    "X": 289.843933,
                    "Y": 277.977051,
                    "Z": 97.8479
                },
                "ItemScale": {
                    "X": 2.0,
                    "Y": 1.99996948,
                    "Z": 1.99998474
                }
            },
            {
                "ItemId": 1084,
                "PositionUp": {
                    "X": 0.227521926,
                    "Y": 0.4335086,
                    "Z": 0.127022251
                },
                "PositionDown": {
                    "X": -0.0246884637,
                    "Y": 0.4682725,
                    "Z": -0.578448653
                },
                "ItemPosition": {
                    "X": -9.296417,
                    "Y": -0.4317932,
                    "Z": -108.456467
                },
                "ItemRotation": {
                    "X": 289.843933,
                    "Y": 277.977051,
                    "Z": 97.8479
                },
                "ItemScale": {
                    "X": 2.0,
                    "Y": 1.99996948,
                    "Z": 1.99998474
                }
            },
            {
                "ItemId": 1084,
                "PositionUp": {
                    "X": 0.453483224,
                    "Y": 0.3673401,
                    "Z": 0.04297784
                },
                "PositionDown": {
                    "X": 0.285342962,
                    "Y": 0.390516073,
                    "Z": -0.427336067
                },
                "ItemPosition": {
                    "X": -9.296417,
                    "Y": -0.4317932,
                    "Z": -108.456467
                },
                "ItemRotation": {
                    "X": 289.843933,
                    "Y": 277.977051,
                    "Z": 97.8479
                },
                "ItemScale": {
                    "X": 2.0,
                    "Y": 1.99996948,
                    "Z": 1.99998474
                }
            },
            {
                "ItemId": 1084,
                "PositionUp": {
                    "X": -0.2905347,
                    "Y": 0.3250358,
                    "Z": 0.306888461
                },
                "PositionDown": {
                    "X": -0.5427451,
                    "Y": 0.359799743,
                    "Z": -0.398582458
                },
                "ItemPosition": {
                    "X": -9.296417,
                    "Y": -0.4317932,
                    "Z": -108.456467
                },
                "ItemRotation": {
                    "X": 289.843933,
                    "Y": 277.977051,
                    "Z": 97.8479
                },
                "ItemScale": {
                    "X": 2.0,
                    "Y": 1.99996948,
                    "Z": 1.99998474
                }
            },
            {
                "ItemId": 1084,
                "PositionUp": {
                    "X": 0.019496724,
                    "Y": 0.247279331,
                    "Z": 0.458000928
                },
                "PositionDown": {
                    "X": -0.3167838,
                    "Y": 0.2936312,
                    "Z": -0.482626915
                },
                "ItemPosition": {
                    "X": -9.296417,
                    "Y": -0.4317932,
                    "Z": -108.456467
                },
                "ItemRotation": {
                    "X": 289.843933,
                    "Y": 277.977051,
                    "Z": 97.8479
                },
                "ItemScale": {
                    "X": 2.0,
                    "Y": 1.99996948,
                    "Z": 1.99998474
                }
            },
            {
                "ItemId": 1084,
                "PositionUp": {
                    "X": 0.245458022,
                    "Y": 0.181110814,
                    "Z": 0.373956531
                },
                "PositionDown": {
                    "X": -0.174892649,
                    "Y": 0.239050642,
                    "Z": -0.8018283
                },
                "ItemPosition": {
                    "X": -9.296417,
                    "Y": -0.4317932,
                    "Z": -108.456467
                },
                "ItemRotation": {
                    "X": 289.843933,
                    "Y": 277.977051,
                    "Z": 97.8479
                },
                "ItemScale": {
                    "X": 2.0,
                    "Y": 1.99996948,
                    "Z": 1.99998474
                }
            },
            {
                "ItemId": 1084,
                "PositionUp": {
                    "X": 0.471419334,
                    "Y": 0.114942305,
                    "Z": 0.2899121
                },
                "PositionDown": {
                    "X": 0.1351388,
                    "Y": 0.161294177,
                    "Z": -0.6507157
                },
                "ItemPosition": {
                    "X": -9.296417,
                    "Y": -0.4317932,
                    "Z": -108.456467
                },
                "ItemRotation": {
                    "X": 289.843933,
                    "Y": 277.977051,
                    "Z": 97.8479
                },
                "ItemScale": {
                    "X": 2.0,
                    "Y": 1.99996948,
                    "Z": 1.99998474
                }
            },
            {
                "ItemId": 1084,
                "PositionUp": {
                    "X": 0.613310456,
                    "Y": 0.06036177,
                    "Z": -0.02928926
                },
                "PositionDown": {
                    "X": 0.4451702,
                    "Y": 0.08353772,
                    "Z": -0.4996032
                },
                "ItemPosition": {
                    "X": -9.296417,
                    "Y": -0.4317932,
                    "Z": -108.456467
                },
                "ItemRotation": {
                    "X": 289.843933,
                    "Y": 277.977051,
                    "Z": 97.8479
                },
                "ItemScale": {
                    "X": 2.0,
                    "Y": 1.99996948,
                    "Z": 1.99998474
                }
            },
            {
                "ItemId": 1084,
                "PositionUp": {
                    "X": -0.272598624,
                    "Y": 0.07263804,
                    "Z": 0.553822756
                },
                "PositionDown": {
                    "X": -0.608879149,
                    "Y": 0.118989974,
                    "Z": -0.3868051
                },
                "ItemPosition": {
                    "X": -9.296417,
                    "Y": -0.4317932,
                    "Z": -108.456467
                },
                "ItemRotation": {
                    "X": 289.843933,
                    "Y": 277.977051,
                    "Z": 97.8479
                },
                "ItemScale": {
                    "X": 2.0,
                    "Y": 1.99996948,
                    "Z": 1.99998474
                }
            },
            {
                "ItemId": 1084,
                "PositionUp": {
                    "X": -0.04663731,
                    "Y": 0.00646952726,
                    "Z": 0.4697783
                },
                "PositionDown": {
                    "X": -0.466987967,
                    "Y": 0.064409405,
                    "Z": -0.706006467
                },
                "ItemPosition": {
                    "X": -9.296417,
                    "Y": -0.4317932,
                    "Z": -108.456467
                },
                "ItemRotation": {
                    "X": 289.843933,
                    "Y": 277.977051,
                    "Z": 97.8479
                },
                "ItemScale": {
                    "X": 2.0,
                    "Y": 1.99996948,
                    "Z": 1.99998474
                }
            },
            {
                "ItemId": 1084,
                "PositionUp": {
                    "X": 0.179323986,
                    "Y": -0.0596989878,
                    "Z": 0.3857339
                },
                "PositionDown": {
                    "X": -0.24102667,
                    "Y": -0.00175907917,
                    "Z": -0.790050864
                },
                "ItemPosition": {
                    "X": -9.296417,
                    "Y": -0.4317932,
                    "Z": -108.456467
                },
                "ItemRotation": {
                    "X": 289.843933,
                    "Y": 277.977051,
                    "Z": 97.8479
                },
                "ItemScale": {
                    "X": 2.0,
                    "Y": 1.99996948,
                    "Z": 1.99998474
                }
            },
            {
                "ItemId": 1084,
                "PositionUp": {
                    "X": 0.4052853,
                    "Y": -0.1258675,
                    "Z": 0.301689476
                },
                "PositionDown": {
                    "X": 0.06900476,
                    "Y": -0.0795156,
                    "Z": -0.638938367
                },
                "ItemPosition": {
                    "X": -9.296417,
                    "Y": -0.4317932,
                    "Z": -108.456467
                },
                "ItemRotation": {
                    "X": 289.843933,
                    "Y": 277.977051,
                    "Z": 97.8479
                },
                "ItemScale": {
                    "X": 2.0,
                    "Y": 1.99996948,
                    "Z": 1.99998474
                }
            },
            {
                "ItemId": 1084,
                "PositionUp": {
                    "X": 0.5471764,
                    "Y": -0.18044804,
                    "Z": -0.01751192
                },
                "PositionDown": {
                    "X": 0.379036158,
                    "Y": -0.157272086,
                    "Z": -0.487825841
                },
                "ItemPosition": {
                    "X": -9.296417,
                    "Y": -0.4317932,
                    "Z": -108.456467
                },
                "ItemRotation": {
                    "X": 289.843933,
                    "Y": 277.977051,
                    "Z": 97.8479
                },
                "ItemScale": {
                    "X": 2.0,
                    "Y": 1.99996948,
                    "Z": 1.99998474
                }
            },
            {
                "ItemId": 1084,
                "PositionUp": {
                    "X": -0.422802776,
                    "Y": -0.156583786,
                    "Z": 0.330443174
                },
                "PositionDown": {
                    "X": -0.6750132,
                    "Y": -0.121819861,
                    "Z": -0.375027716
                },
                "ItemPosition": {
                    "X": -9.296417,
                    "Y": -0.4317932,
                    "Z": -108.456467
                },
                "ItemRotation": {
                    "X": 289.843933,
                    "Y": 277.977051,
                    "Z": 97.8479
                },
                "ItemScale": {
                    "X": 2.0,
                    "Y": 1.99996948,
                    "Z": 1.99998474
                }
            },
            {
                "ItemId": 1084,
                "PositionUp": {
                    "X": -0.11277134,
                    "Y": -0.23434028,
                    "Z": 0.481555641
                },
                "PositionDown": {
                    "X": -0.449051857,
                    "Y": -0.1879884,
                    "Z": -0.459072173
                },
                "ItemPosition": {
                    "X": -9.296417,
                    "Y": -0.4317932,
                    "Z": -108.456467
                },
                "ItemRotation": {
                    "X": 289.843933,
                    "Y": 277.977051,
                    "Z": 97.8479
                },
                "ItemScale": {
                    "X": 2.0,
                    "Y": 1.99996948,
                    "Z": 1.99998474
                }
            },
            {
                "ItemId": 1084,
                "PositionUp": {
                    "X": 0.113189951,
                    "Y": -0.3005088,
                    "Z": 0.397511244
                },
                "PositionDown": {
                    "X": -0.223090559,
                    "Y": -0.2541569,
                    "Z": -0.54311657
                },
                "ItemPosition": {
                    "X": -9.296417,
                    "Y": -0.4317932,
                    "Z": -108.456467
                },
                "ItemRotation": {
                    "X": 289.843933,
                    "Y": 277.977051,
                    "Z": 97.8479
                },
                "ItemScale": {
                    "X": 2.0,
                    "Y": 1.99996948,
                    "Z": 1.99998474
                }
            },
            {
                "ItemId": 1084,
                "PositionUp": {
                    "X": 0.339151263,
                    "Y": -0.3666773,
                    "Z": 0.3134668
                },
                "PositionDown": {
                    "X": 0.00287073851,
                    "Y": -0.320325434,
                    "Z": -0.627160966
                },
                "ItemPosition": {
                    "X": -9.296417,
                    "Y": -0.4317932,
                    "Z": -108.456467
                },
                "ItemRotation": {
                    "X": 289.843933,
                    "Y": 277.977051,
                    "Z": 97.8479
                },
                "ItemScale": {
                    "X": 2.0,
                    "Y": 1.99996948,
                    "Z": 1.99998474
                }
            },
            {
                "ItemId": 1084,
                "PositionUp": {
                    "X": 0.396972239,
                    "Y": -0.409669876,
                    "Z": -0.2408915
                },
                "PositionDown": {
                    "X": 0.312902123,
                    "Y": -0.3980819,
                    "Z": -0.476048529
                },
                "ItemPosition": {
                    "X": -9.296417,
                    "Y": -0.4317932,
                    "Z": -108.456467
                },
                "ItemRotation": {
                    "X": 289.843933,
                    "Y": 277.977051,
                    "Z": 97.8479
                },
                "ItemScale": {
                    "X": 2.0,
                    "Y": 1.99996948,
                    "Z": 1.99998474
                }
            },
            {
                "ItemId": 1084,
                "PositionUp": {
                    "X": -0.2629755,
                    "Y": -0.463562071,
                    "Z": 0.258176029
                },
                "PositionDown": {
                    "X": -0.431115776,
                    "Y": -0.440386117,
                    "Z": -0.2121379
                },
                "ItemPosition": {
                    "X": -9.296417,
                    "Y": -0.4317932,
                    "Z": -108.456467
                },
                "ItemRotation": {
                    "X": 289.843933,
                    "Y": 277.977051,
                    "Z": 97.8479
                },
                "ItemScale": {
                    "X": 2.0,
                    "Y": 1.99996948,
                    "Z": 1.99998474
                }
            },
            {
                "ItemId": 1084,
                "PositionUp": {
                    "X": -0.03701422,
                    "Y": -0.5297306,
                    "Z": 0.174131647
                },
                "PositionDown": {
                    "X": -0.289224625,
                    "Y": -0.494966656,
                    "Z": -0.5313393
                },
                "ItemPosition": {
                    "X": -9.296417,
                    "Y": -0.4317932,
                    "Z": -108.456467
                },
                "ItemRotation": {
                    "X": 289.843933,
                    "Y": 277.977051,
                    "Z": 97.8479
                },
                "ItemScale": {
                    "X": 2.0,
                    "Y": 1.99996948,
                    "Z": 1.99998474
                }
            },
            {
                "ItemId": 1084,
                "PositionUp": {
                    "X": 0.10487695,
                    "Y": -0.5843111,
                    "Z": -0.145069748
                },
                "PositionDown": {
                    "X": 0.02080682,
                    "Y": -0.5727232,
                    "Z": -0.3802267
                },
                "ItemPosition": {
                    "X": -9.296417,
                    "Y": -0.4317932,
                    "Z": -108.456467
                },
                "ItemRotation": {
                    "X": 289.843933,
                    "Y": 277.977051,
                    "Z": 97.8479
                },
                "ItemScale": {
                    "X": 2.0,
                    "Y": 1.99996948,
                    "Z": 1.99998474
                }
            }
        ]
    }
]